first_player,,,DMCTS,DMCTS,BMCTS,BMCTS
score_player,,,DMCTS,BMCTS,DMCTS,BMCTS
dmcts_sim,bmcts_sim,match,,,,
100,100,0,1,0,1,0
100,100,1,1,0,1,0
100,100,2,1,0,1,0
100,100,3,1,0,1,0
100,100,4,1,0,1,0
100,100,5,1,0,1,0
100,100,6,1,0,1,0
100,100,7,1,0,1,0
100,100,8,1,0,1,0
100,100,9,1,0,1,0
100,100,10,1,0,1,0
100,100,11,1,0,1,0
100,100,12,1,0,1,0
100,100,13,1,0,1,0
100,100,14,1,0,1,0
100,100,15,1,0,1,0
100,100,16,1,0,1,0
100,100,17,1,0,1,0
100,100,18,1,0,1,0
100,100,19,1,0,1,0
100,100,20,1,0,1,0
100,100,21,1,0,1,0
100,100,22,1,0,1,0
100,100,23,1,0,1,0
100,100,24,1,0,1,0
100,100,25,1,0,1,0
100,100,26,1,0,1,0
100,100,27,1,0,1,0
100,100,28,1,0,1,0
100,100,29,1,0,1,0
100,100,30,1,0,1,0
100,100,31,1,0,1,0
100,100,32,1,0,1,0
100,100,33,1,0,1,0
100,100,34,1,0,1,0
100,100,35,1,0,1,0
100,100,36,1,0,1,0
100,100,37,1,0,1,0
100,100,38,1,0,1,0
100,100,39,1,0,1,0
100,100,40,1,0,1,0
100,100,41,1,0,1,0
100,100,42,1,0,1,0
100,100,43,1,0,1,0
100,100,44,1,0,1,0
100,100,45,1,0,1,0
100,100,46,1,0,1,0
100,100,47,1,0,1,0
100,100,48,1,0,1,0
100,100,49,1,0,1,0
100,100,50,1,0,1,0
100,100,51,1,0,1,0
100,100,52,1,0,1,0
100,100,53,1,0,1,0
100,100,54,1,0,1,0
100,100,55,1,0,1,0
100,100,56,1,0,1,0
100,100,57,1,0,1,0
100,100,58,1,0,1,0
100,100,59,1,0,1,0
100,100,60,1,0,1,0
100,100,61,1,0,1,0
100,100,62,1,0,1,0
100,100,63,1,0,1,0
100,100,64,1,0,1,0
100,100,65,1,0,1,0
100,100,66,1,0,1,0
100,100,67,1,0,1,0
100,100,68,1,0,1,0
100,100,69,1,0,1,0
100,100,70,1,0,1,0
100,100,71,1,0,1,0
100,100,72,1,0,1,0
100,100,73,1,0,1,0
100,100,74,1,0,1,0
100,100,75,1,0,1,0
100,100,76,1,0,1,0
100,100,77,1,0,1,0
100,100,78,1,0,1,0
100,100,79,1,0,1,0
100,100,80,1,0,1,0
100,100,81,1,0,1,0
100,100,82,1,0,1,0
100,100,83,1,0,1,0
100,100,84,1,0,1,0
100,100,85,1,0,1,0
100,100,86,1,0,1,0
100,100,87,1,0,1,0
100,100,88,1,0,1,0
100,100,89,1,0,1,0
100,100,90,1,0,1,0
100,100,91,1,0,1,0
100,100,92,1,0,1,0
100,100,93,1,0,1,0
100,100,94,1,0,1,0
100,100,95,1,0,1,0
100,100,96,1,0,1,0
100,100,97,1,0,1,0
100,100,98,1,0,1,0
100,100,99,1,0,1,0
100,100,100,1,0,1,0
100,100,101,1,0,1,0
100,100,102,1,0,1,0
100,100,103,1,0,1,0
100,100,104,1,0,1,0
100,100,105,1,0,1,0
100,100,106,1,0,1,0
100,100,107,1,0,1,0
100,100,108,1,0,1,0
100,100,109,1,0,1,0
100,100,110,1,0,1,0
100,100,111,1,0,1,0
100,100,112,1,0,1,0
100,100,113,1,0,1,0
100,100,114,1,0,1,0
100,100,115,1,0,1,0
100,100,116,1,0,1,0
100,100,117,1,0,1,0
100,100,118,1,0,1,0
100,100,119,1,0,1,0
100,100,120,1,0,1,0
100,100,121,1,0,1,0
100,100,122,1,0,1,0
100,100,123,1,0,1,0
100,100,124,1,0,1,0
100,100,125,1,0,1,0
100,100,126,1,0,1,0
100,100,127,1,0,1,0
100,100,128,1,0,1,0
100,100,129,1,0,1,0
100,100,130,1,0,1,0
100,100,131,1,0,1,0
100,100,132,1,0,1,0
100,100,133,1,0,1,0
100,100,134,1,0,1,0
100,100,135,1,0,1,0
100,100,136,1,0,1,0
100,100,137,1,0,1,0
100,100,138,1,0,1,0
100,100,139,1,0,1,0
100,100,140,1,0,1,0
100,100,141,1,0,1,0
100,100,142,1,0,1,0
100,100,143,1,0,1,0
100,100,144,1,0,1,0
100,100,145,1,0,1,0
100,100,146,1,0,1,0
100,100,147,1,0,1,0
100,100,148,1,0,1,0
100,100,149,1,0,1,0
100,100,150,1,0,1,0
100,100,151,1,0,1,0
100,100,152,1,0,1,0
100,100,153,1,0,1,0
100,100,154,1,0,1,0
100,100,155,1,0,1,0
100,100,156,1,0,1,0
100,100,157,1,0,1,0
100,100,158,1,0,1,0
100,100,159,1,0,1,0
100,100,160,1,0,1,0
100,100,161,1,0,1,0
100,100,162,1,0,1,0
100,100,163,1,0,1,0
100,100,164,1,0,1,0
100,100,165,1,0,1,0
100,100,166,1,0,1,0
100,100,167,1,0,1,0
100,100,168,1,0,1,0
100,100,169,1,0,1,0
100,100,170,1,0,1,0
100,100,171,1,0,1,0
100,100,172,1,0,1,0
100,100,173,1,0,1,0
100,100,174,1,0,1,0
100,100,175,1,0,1,0
100,100,176,1,0,1,0
100,100,177,1,0,1,0
100,100,178,1,0,1,0
100,100,179,1,0,1,0
100,100,180,1,0,1,0
100,100,181,1,0,1,0
100,100,182,1,0,1,0
100,100,183,1,0,1,0
100,100,184,1,0,1,0
100,100,185,1,0,1,0
100,100,186,1,0,1,0
100,100,187,1,0,1,0
100,100,188,1,0,1,0
100,100,189,1,0,1,0
100,100,190,1,0,1,0
100,100,191,1,0,1,0
100,100,192,1,0,1,0
100,100,193,1,0,1,0
100,100,194,1,0,1,0
100,100,195,1,0,1,0
100,100,196,1,0,1,0
100,100,197,1,0,1,0
100,100,198,1,0,1,0
100,100,199,1,0,1,0
100,100,200,1,0,1,0
100,100,201,1,0,1,0
100,100,202,1,0,1,0
100,100,203,1,0,1,0
100,100,204,1,0,1,0
100,100,205,1,0,1,0
100,100,206,1,0,1,0
100,100,207,1,0,1,0
100,100,208,1,0,1,0
100,100,209,1,0,1,0
100,100,210,1,0,1,0
100,100,211,1,0,1,0
100,100,212,1,0,1,0
100,100,213,1,0,1,0
100,100,214,1,0,1,0
100,100,215,1,0,1,0
100,100,216,1,0,1,0
100,100,217,1,0,1,0
100,100,218,1,0,1,0
100,100,219,1,0,1,0
100,100,220,1,0,1,0
100,100,221,1,0,1,0
100,100,222,1,0,1,0
100,100,223,1,0,1,0
100,100,224,1,0,1,0
100,100,225,1,0,1,0
100,100,226,1,0,1,0
100,100,227,1,0,1,0
100,100,228,1,0,1,0
100,100,229,1,0,1,0
100,100,230,1,0,1,0
100,100,231,1,0,1,0
100,100,232,1,0,1,0
100,100,233,1,0,1,0
100,100,234,1,0,1,0
100,100,235,1,0,1,0
100,100,236,1,0,1,0
100,100,237,1,0,1,0
100,100,238,1,0,1,0
100,100,239,1,0,1,0
100,100,240,1,0,1,0
100,100,241,1,0,1,0
100,100,242,1,0,1,0
100,100,243,1,0,1,0
100,100,244,1,0,1,0
100,100,245,1,0,0,1
100,100,246,1,0,1,0
100,100,247,1,0,1,0
100,100,248,1,0,1,0
100,100,249,1,0,1,0
100,100,250,1,0,1,0
100,100,251,1,0,1,0
100,100,252,1,0,1,0
100,100,253,1,0,1,0
100,100,254,1,0,1,0
100,100,255,1,0,1,0
100,100,256,1,0,1,0
100,100,257,1,0,1,0
100,100,258,1,0,1,0
100,100,259,1,0,1,0
100,100,260,1,0,1,0
100,100,261,1,0,1,0
100,100,262,1,0,1,0
100,100,263,1,0,1,0
100,100,264,1,0,1,0
100,100,265,1,0,1,0
100,100,266,1,0,1,0
100,100,267,1,0,1,0
100,100,268,1,0,1,0
100,100,269,1,0,1,0
100,100,270,1,0,1,0
100,100,271,1,0,1,0
100,100,272,1,0,1,0
100,100,273,1,0,1,0
100,100,274,1,0,1,0
100,100,275,1,0,1,0
100,100,276,1,0,1,0
100,100,277,1,0,1,0
100,100,278,1,0,1,0
100,100,279,1,0,1,0
100,100,280,1,0,1,0
100,100,281,1,0,1,0
100,100,282,1,0,1,0
100,100,283,1,0,1,0
100,100,284,1,0,1,0
100,100,285,1,0,1,0
100,100,286,1,0,1,0
100,100,287,1,0,1,0
100,100,288,1,0,1,0
100,100,289,1,0,1,0
100,100,290,1,0,1,0
100,100,291,1,0,1,0
100,100,292,1,0,1,0
100,100,293,1,0,1,0
100,100,294,1,0,1,0
100,100,295,1,0,1,0
100,100,296,1,0,1,0
100,100,297,1,0,1,0
100,100,298,1,0,1,0
100,100,299,1,0,0,1
100,100,300,1,0,1,0
100,100,301,1,0,1,0
100,100,302,1,0,1,0
100,100,303,1,0,1,0
100,100,304,1,0,1,0
100,100,305,1,0,1,0
100,100,306,1,0,1,0
100,100,307,1,0,1,0
100,100,308,1,0,1,0
100,100,309,1,0,1,0
100,100,310,1,0,1,0
100,100,311,1,0,1,0
100,100,312,1,0,1,0
100,100,313,1,0,1,0
100,100,314,1,0,1,0
100,100,315,1,0,1,0
100,100,316,1,0,1,0
100,100,317,1,0,1,0
100,100,318,1,0,1,0
100,100,319,1,0,1,0
100,100,320,1,0,1,0
100,100,321,1,0,1,0
100,100,322,1,0,1,0
100,100,323,1,0,1,0
100,100,324,1,0,1,0
100,100,325,1,0,1,0
100,100,326,1,0,1,0
100,100,327,1,0,1,0
100,100,328,1,0,1,0
100,100,329,1,0,1,0
100,100,330,1,0,1,0
100,100,331,1,0,1,0
100,100,332,1,0,1,0
100,100,333,1,0,1,0
100,100,334,1,0,1,0
100,100,335,1,0,1,0
100,100,336,1,0,1,0
100,100,337,1,0,1,0
100,100,338,1,0,1,0
100,100,339,1,0,1,0
100,100,340,1,0,1,0
100,100,341,1,0,1,0
100,100,342,1,0,1,0
100,100,343,1,0,1,0
100,100,344,1,0,1,0
100,100,345,1,0,1,0
100,100,346,1,0,1,0
100,100,347,1,0,1,0
100,100,348,1,0,1,0
100,100,349,1,0,1,0
100,100,350,1,0,1,0
100,100,351,1,0,1,0
100,100,352,1,0,1,0
100,100,353,1,0,1,0
100,100,354,1,0,1,0
100,100,355,1,0,1,0
100,100,356,1,0,1,0
100,100,357,1,0,1,0
100,100,358,1,0,1,0
100,100,359,1,0,1,0
100,100,360,1,0,1,0
100,100,361,1,0,1,0
100,100,362,1,0,1,0
100,100,363,1,0,1,0
100,100,364,1,0,1,0
100,100,365,1,0,1,0
100,100,366,1,0,1,0
100,100,367,1,0,1,0
100,100,368,1,0,1,0
100,100,369,1,0,1,0
100,100,370,1,0,1,0
100,100,371,1,0,1,0
100,100,372,1,0,1,0
100,100,373,1,0,1,0
100,100,374,1,0,1,0
100,100,375,1,0,1,0
100,100,376,1,0,1,0
100,100,377,1,0,1,0
100,100,378,1,0,1,0
100,100,379,1,0,1,0
100,100,380,1,0,1,0
100,100,381,1,0,1,0
100,100,382,1,0,1,0
100,100,383,1,0,1,0
100,100,384,1,0,1,0
100,100,385,1,0,1,0
100,100,386,1,0,1,0
100,100,387,1,0,1,0
100,100,388,1,0,1,0
100,100,389,1,0,1,0
100,100,390,1,0,1,0
100,100,391,1,0,1,0
100,100,392,1,0,1,0
100,100,393,1,0,1,0
100,100,394,1,0,1,0
100,100,395,1,0,1,0
100,100,396,1,0,1,0
100,100,397,1,0,1,0
100,100,398,1,0,1,0
100,100,399,1,0,1,0
100,100,400,1,0,1,0
100,100,401,1,0,1,0
100,100,402,1,0,1,0
100,100,403,1,0,1,0
100,100,404,1,0,1,0
100,100,405,1,0,1,0
100,100,406,1,0,1,0
100,100,407,1,0,1,0
100,100,408,1,0,1,0
100,100,409,1,0,1,0
100,100,410,1,0,1,0
100,100,411,1,0,1,0
100,100,412,1,0,1,0
100,100,413,1,0,1,0
100,100,414,1,0,1,0
100,100,415,1,0,1,0
100,100,416,1,0,1,0
100,100,417,1,0,1,0
100,100,418,1,0,1,0
100,100,419,1,0,1,0
100,100,420,1,0,1,0
100,100,421,1,0,1,0
100,100,422,1,0,1,0
100,100,423,1,0,1,0
100,100,424,1,0,1,0
100,100,425,1,0,1,0
100,100,426,1,0,1,0
100,100,427,1,0,1,0
100,100,428,1,0,1,0
100,100,429,1,0,1,0
100,100,430,1,0,1,0
100,100,431,1,0,1,0
100,100,432,1,0,1,0
100,100,433,1,0,1,0
100,100,434,1,0,1,0
100,100,435,1,0,1,0
100,100,436,1,0,1,0
100,100,437,1,0,1,0
100,100,438,1,0,1,0
100,100,439,1,0,1,0
100,100,440,1,0,1,0
100,100,441,1,0,1,0
100,100,442,1,0,1,0
100,100,443,1,0,1,0
100,100,444,1,0,1,0
100,100,445,1,0,1,0
100,100,446,1,0,1,0
100,100,447,1,0,1,0
100,100,448,1,0,1,0
100,100,449,1,0,1,0
100,100,450,1,0,0,1
100,100,451,1,0,1,0
100,100,452,1,0,1,0
100,100,453,1,0,1,0
100,100,454,1,0,1,0
100,100,455,1,0,1,0
100,100,456,1,0,1,0
100,100,457,1,0,1,0
100,100,458,1,0,1,0
100,100,459,1,0,1,0
100,100,460,1,0,1,0
100,100,461,1,0,1,0
100,100,462,1,0,1,0
100,100,463,1,0,1,0
100,100,464,1,0,1,0
100,100,465,1,0,1,0
100,100,466,1,0,1,0
100,100,467,1,0,1,0
100,100,468,1,0,1,0
100,100,469,1,0,1,0
100,100,470,1,0,1,0
100,100,471,1,0,1,0
100,100,472,1,0,1,0
100,100,473,1,0,1,0
100,100,474,1,0,1,0
100,100,475,1,0,1,0
100,100,476,1,0,1,0
100,100,477,1,0,1,0
100,100,478,1,0,1,0
100,100,479,1,0,1,0
100,100,480,1,0,1,0
100,100,481,1,0,1,0
100,100,482,1,0,1,0
100,100,483,1,0,1,0
100,100,484,1,0,1,0
100,100,485,1,0,1,0
100,100,486,1,0,1,0
100,100,487,1,0,1,0
100,100,488,1,0,1,0
100,100,489,1,0,1,0
100,100,490,1,0,1,0
100,100,491,1,0,1,0
100,100,492,1,0,1,0
100,100,493,1,0,1,0
100,100,494,1,0,1,0
100,100,495,1,0,1,0
100,100,496,1,0,1,0
100,100,497,1,0,1,0
100,100,498,1,0,1,0
100,100,499,1,0,1,0
100,200,0,1,0,1,0
100,200,1,1,0,1,0
100,200,2,1,0,1,0
100,200,3,1,0,1,0
100,200,4,1,0,1,0
100,200,5,1,0,1,0
100,200,6,1,0,1,0
100,200,7,1,0,1,0
100,200,8,1,0,1,0
100,200,9,1,0,1,0
100,200,10,1,0,1,0
100,200,11,1,0,1,0
100,200,12,1,0,1,0
100,200,13,1,0,1,0
100,200,14,1,0,1,0
100,200,15,1,0,1,0
100,200,16,1,0,1,0
100,200,17,1,0,1,0
100,200,18,1,0,1,0
100,200,19,1,0,1,0
100,200,20,1,0,1,0
100,200,21,1,0,1,0
100,200,22,1,0,1,0
100,200,23,1,0,1,0
100,200,24,1,0,1,0
100,200,25,1,0,1,0
100,200,26,1,0,1,0
100,200,27,1,0,1,0
100,200,28,1,0,1,0
100,200,29,1,0,1,0
100,200,30,1,0,1,0
100,200,31,1,0,1,0
100,200,32,1,0,1,0
100,200,33,1,0,1,0
100,200,34,1,0,1,0
100,200,35,1,0,1,0
100,200,36,1,0,1,0
100,200,37,1,0,1,0
100,200,38,1,0,1,0
100,200,39,1,0,1,0
100,200,40,1,0,1,0
100,200,41,1,0,1,0
100,200,42,1,0,1,0
100,200,43,1,0,1,0
100,200,44,1,0,1,0
100,200,45,1,0,1,0
100,200,46,1,0,1,0
100,200,47,1,0,1,0
100,200,48,1,0,1,0
100,200,49,1,0,1,0
100,200,50,1,0,1,0
100,200,51,1,0,1,0
100,200,52,1,0,1,0
100,200,53,1,0,1,0
100,200,54,1,0,1,0
100,200,55,1,0,1,0
100,200,56,1,0,1,0
100,200,57,1,0,1,0
100,200,58,1,0,1,0
100,200,59,1,0,1,0
100,200,60,1,0,1,0
100,200,61,1,0,1,0
100,200,62,1,0,1,0
100,200,63,1,0,1,0
100,200,64,1,0,1,0
100,200,65,1,0,1,0
100,200,66,1,0,1,0
100,200,67,1,0,1,0
100,200,68,1,0,1,0
100,200,69,1,0,1,0
100,200,70,1,0,1,0
100,200,71,1,0,1,0
100,200,72,1,0,1,0
100,200,73,1,0,1,0
100,200,74,1,0,1,0
100,200,75,1,0,1,0
100,200,76,1,0,1,0
100,200,77,1,0,1,0
100,200,78,1,0,1,0
100,200,79,1,0,1,0
100,200,80,1,0,1,0
100,200,81,1,0,1,0
100,200,82,1,0,1,0
100,200,83,1,0,1,0
100,200,84,1,0,1,0
100,200,85,1,0,1,0
100,200,86,1,0,1,0
100,200,87,1,0,1,0
100,200,88,1,0,1,0
100,200,89,1,0,1,0
100,200,90,1,0,1,0
100,200,91,1,0,1,0
100,200,92,1,0,1,0
100,200,93,1,0,1,0
100,200,94,1,0,1,0
100,200,95,1,0,1,0
100,200,96,1,0,1,0
100,200,97,1,0,1,0
100,200,98,1,0,1,0
100,200,99,1,0,1,0
100,200,100,1,0,1,0
100,200,101,1,0,1,0
100,200,102,1,0,1,0
100,200,103,1,0,1,0
100,200,104,1,0,1,0
100,200,105,1,0,1,0
100,200,106,1,0,1,0
100,200,107,1,0,1,0
100,200,108,1,0,1,0
100,200,109,1,0,1,0
100,200,110,1,0,1,0
100,200,111,1,0,1,0
100,200,112,1,0,1,0
100,200,113,1,0,1,0
100,200,114,1,0,1,0
100,200,115,1,0,1,0
100,200,116,1,0,1,0
100,200,117,1,0,1,0
100,200,118,1,0,1,0
100,200,119,1,0,1,0
100,200,120,1,0,1,0
100,200,121,1,0,1,0
100,200,122,1,0,1,0
100,200,123,1,0,1,0
100,200,124,1,0,1,0
100,200,125,1,0,1,0
100,200,126,1,0,1,0
100,200,127,1,0,1,0
100,200,128,1,0,1,0
100,200,129,1,0,1,0
100,200,130,1,0,1,0
100,200,131,1,0,1,0
100,200,132,1,0,1,0
100,200,133,1,0,1,0
100,200,134,1,0,1,0
100,200,135,1,0,1,0
100,200,136,1,0,1,0
100,200,137,1,0,0,1
100,200,138,1,0,1,0
100,200,139,1,0,1,0
100,200,140,1,0,1,0
100,200,141,1,0,1,0
100,200,142,1,0,1,0
100,200,143,1,0,1,0
100,200,144,1,0,1,0
100,200,145,1,0,1,0
100,200,146,1,0,1,0
100,200,147,1,0,1,0
100,200,148,1,0,1,0
100,200,149,1,0,1,0
100,200,150,1,0,1,0
100,200,151,1,0,1,0
100,200,152,1,0,1,0
100,200,153,1,0,1,0
100,200,154,1,0,1,0
100,200,155,1,0,1,0
100,200,156,1,0,1,0
100,200,157,1,0,1,0
100,200,158,1,0,1,0
100,200,159,1,0,1,0
100,200,160,1,0,1,0
100,200,161,1,0,1,0
100,200,162,1,0,1,0
100,200,163,1,0,1,0
100,200,164,1,0,1,0
100,200,165,1,0,1,0
100,200,166,1,0,1,0
100,200,167,1,0,1,0
100,200,168,1,0,1,0
100,200,169,1,0,1,0
100,200,170,1,0,1,0
100,200,171,1,0,1,0
100,200,172,1,0,1,0
100,200,173,1,0,1,0
100,200,174,1,0,1,0
100,200,175,1,0,1,0
100,200,176,1,0,1,0
100,200,177,1,0,1,0
100,200,178,1,0,1,0
100,200,179,1,0,1,0
100,200,180,1,0,1,0
100,200,181,1,0,1,0
100,200,182,1,0,1,0
100,200,183,1,0,1,0
100,200,184,1,0,1,0
100,200,185,1,0,1,0
100,200,186,1,0,1,0
100,200,187,1,0,1,0
100,200,188,1,0,1,0
100,200,189,1,0,1,0
100,200,190,1,0,1,0
100,200,191,1,0,1,0
100,200,192,1,0,1,0
100,200,193,1,0,1,0
100,200,194,1,0,1,0
100,200,195,1,0,1,0
100,200,196,1,0,1,0
100,200,197,1,0,1,0
100,200,198,1,0,1,0
100,200,199,1,0,1,0
100,200,200,1,0,1,0
100,200,201,1,0,1,0
100,200,202,1,0,1,0
100,200,203,1,0,1,0
100,200,204,1,0,1,0
100,200,205,1,0,1,0
100,200,206,1,0,1,0
100,200,207,1,0,1,0
100,200,208,1,0,1,0
100,200,209,1,0,1,0
100,200,210,1,0,1,0
100,200,211,1,0,1,0
100,200,212,1,0,1,0
100,200,213,1,0,1,0
100,200,214,1,0,1,0
100,200,215,1,0,1,0
100,200,216,1,0,1,0
100,200,217,1,0,1,0
100,200,218,1,0,1,0
100,200,219,1,0,1,0
100,200,220,1,0,1,0
100,200,221,1,0,1,0
100,200,222,1,0,1,0
100,200,223,1,0,1,0
100,200,224,1,0,1,0
100,200,225,1,0,1,0
100,200,226,1,0,1,0
100,200,227,1,0,1,0
100,200,228,1,0,1,0
100,200,229,1,0,1,0
100,200,230,1,0,1,0
100,200,231,1,0,1,0
100,200,232,1,0,1,0
100,200,233,1,0,1,0
100,200,234,1,0,1,0
100,200,235,1,0,1,0
100,200,236,1,0,1,0
100,200,237,1,0,1,0
100,200,238,1,0,1,0
100,200,239,1,0,1,0
100,200,240,1,0,1,0
100,200,241,1,0,1,0
100,200,242,1,0,1,0
100,200,243,1,0,1,0
100,200,244,1,0,1,0
100,200,245,1,0,1,0
100,200,246,1,0,1,0
100,200,247,1,0,1,0
100,200,248,1,0,1,0
100,200,249,1,0,1,0
100,200,250,1,0,1,0
100,200,251,1,0,1,0
100,200,252,1,0,1,0
100,200,253,1,0,1,0
100,200,254,1,0,1,0
100,200,255,1,0,1,0
100,200,256,1,0,1,0
100,200,257,1,0,1,0
100,200,258,1,0,1,0
100,200,259,1,0,1,0
100,200,260,1,0,1,0
100,200,261,1,0,1,0
100,200,262,1,0,1,0
100,200,263,1,0,1,0
100,200,264,1,0,1,0
100,200,265,1,0,1,0
100,200,266,1,0,1,0
100,200,267,1,0,1,0
100,200,268,1,0,1,0
100,200,269,1,0,1,0
100,200,270,1,0,1,0
100,200,271,1,0,1,0
100,200,272,1,0,1,0
100,200,273,1,0,1,0
100,200,274,1,0,1,0
100,200,275,1,0,1,0
100,200,276,1,0,1,0
100,200,277,1,0,1,0
100,200,278,1,0,1,0
100,200,279,1,0,1,0
100,200,280,1,0,1,0
100,200,281,1,0,1,0
100,200,282,1,0,1,0
100,200,283,1,0,1,0
100,200,284,1,0,1,0
100,200,285,1,0,1,0
100,200,286,1,0,1,0
100,200,287,1,0,1,0
100,200,288,1,0,1,0
100,200,289,1,0,1,0
100,200,290,1,0,1,0
100,200,291,1,0,1,0
100,200,292,1,0,1,0
100,200,293,1,0,1,0
100,200,294,1,0,1,0
100,200,295,1,0,1,0
100,200,296,1,0,1,0
100,200,297,1,0,1,0
100,200,298,1,0,1,0
100,200,299,1,0,1,0
100,200,300,1,0,1,0
100,200,301,1,0,1,0
100,200,302,1,0,1,0
100,200,303,1,0,1,0
100,200,304,1,0,1,0
100,200,305,1,0,1,0
100,200,306,1,0,1,0
100,200,307,1,0,1,0
100,200,308,1,0,1,0
100,200,309,1,0,1,0
100,200,310,1,0,1,0
100,200,311,1,0,1,0
100,200,312,1,0,1,0
100,200,313,1,0,1,0
100,200,314,1,0,1,0
100,200,315,1,0,1,0
100,200,316,1,0,1,0
100,200,317,1,0,1,0
100,200,318,1,0,1,0
100,200,319,1,0,1,0
100,200,320,1,0,1,0
100,200,321,1,0,1,0
100,200,322,1,0,1,0
100,200,323,1,0,1,0
100,200,324,1,0,1,0
100,200,325,1,0,1,0
100,200,326,1,0,1,0
100,200,327,1,0,1,0
100,200,328,1,0,1,0
100,200,329,1,0,1,0
100,200,330,1,0,1,0
100,200,331,1,0,1,0
100,200,332,1,0,1,0
100,200,333,1,0,1,0
100,200,334,1,0,1,0
100,200,335,1,0,1,0
100,200,336,1,0,1,0
100,200,337,1,0,1,0
100,200,338,1,0,1,0
100,200,339,1,0,1,0
100,200,340,1,0,1,0
100,200,341,1,0,1,0
100,200,342,1,0,1,0
100,200,343,1,0,1,0
100,200,344,1,0,1,0
100,200,345,1,0,1,0
100,200,346,1,0,1,0
100,200,347,1,0,1,0
100,200,348,1,0,1,0
100,200,349,1,0,1,0
100,200,350,1,0,1,0
100,200,351,1,0,1,0
100,200,352,1,0,1,0
100,200,353,1,0,1,0
100,200,354,1,0,1,0
100,200,355,1,0,1,0
100,200,356,1,0,1,0
100,200,357,1,0,1,0
100,200,358,1,0,1,0
100,200,359,1,0,1,0
100,200,360,1,0,1,0
100,200,361,1,0,1,0
100,200,362,1,0,1,0
100,200,363,1,0,1,0
100,200,364,1,0,1,0
100,200,365,1,0,1,0
100,200,366,1,0,1,0
100,200,367,1,0,1,0
100,200,368,1,0,1,0
100,200,369,1,0,1,0
100,200,370,1,0,1,0
100,200,371,1,0,1,0
100,200,372,1,0,1,0
100,200,373,1,0,1,0
100,200,374,1,0,1,0
100,200,375,1,0,1,0
100,200,376,1,0,1,0
100,200,377,1,0,1,0
100,200,378,1,0,1,0
100,200,379,1,0,1,0
100,200,380,1,0,1,0
100,200,381,1,0,1,0
100,200,382,1,0,1,0
100,200,383,1,0,1,0
100,200,384,1,0,1,0
100,200,385,1,0,1,0
100,200,386,1,0,1,0
100,200,387,1,0,1,0
100,200,388,1,0,1,0
100,200,389,1,0,1,0
100,200,390,1,0,1,0
100,200,391,1,0,1,0
100,200,392,1,0,1,0
100,200,393,1,0,1,0
100,200,394,1,0,1,0
100,200,395,1,0,1,0
100,200,396,1,0,1,0
100,200,397,1,0,1,0
100,200,398,1,0,1,0
100,200,399,1,0,1,0
100,200,400,1,0,1,0
100,200,401,1,0,1,0
100,200,402,1,0,1,0
100,200,403,1,0,1,0
100,200,404,1,0,1,0
100,200,405,1,0,1,0
100,200,406,1,0,1,0
100,200,407,1,0,1,0
100,200,408,1,0,1,0
100,200,409,1,0,1,0
100,200,410,1,0,1,0
100,200,411,1,0,1,0
100,200,412,1,0,1,0
100,200,413,1,0,1,0
100,200,414,1,0,1,0
100,200,415,1,0,1,0
100,200,416,1,0,1,0
100,200,417,1,0,1,0
100,200,418,1,0,1,0
100,200,419,1,0,1,0
100,200,420,1,0,1,0
100,200,421,1,0,1,0
100,200,422,1,0,1,0
100,200,423,1,0,1,0
100,200,424,1,0,1,0
100,200,425,1,0,1,0
100,200,426,1,0,1,0
100,200,427,1,0,1,0
100,200,428,1,0,1,0
100,200,429,1,0,1,0
100,200,430,1,0,1,0
100,200,431,1,0,1,0
100,200,432,1,0,1,0
100,200,433,1,0,1,0
100,200,434,1,0,1,0
100,200,435,1,0,1,0
100,200,436,1,0,1,0
100,200,437,1,0,1,0
100,200,438,1,0,1,0
100,200,439,1,0,1,0
100,200,440,1,0,1,0
100,200,441,1,0,1,0
100,200,442,1,0,1,0
100,200,443,1,0,1,0
100,200,444,1,0,1,0
100,200,445,1,0,1,0
100,200,446,1,0,1,0
100,200,447,1,0,1,0
100,200,448,1,0,1,0
100,200,449,1,0,1,0
100,200,450,1,0,1,0
100,200,451,1,0,1,0
100,200,452,1,0,1,0
100,200,453,1,0,1,0
100,200,454,1,0,1,0
100,200,455,1,0,1,0
100,200,456,1,0,1,0
100,200,457,1,0,1,0
100,200,458,1,0,1,0
100,200,459,1,0,1,0
100,200,460,1,0,1,0
100,200,461,1,0,1,0
100,200,462,1,0,1,0
100,200,463,1,0,1,0
100,200,464,1,0,1,0
100,200,465,1,0,1,0
100,200,466,1,0,1,0
100,200,467,1,0,1,0
100,200,468,1,0,1,0
100,200,469,1,0,1,0
100,200,470,1,0,1,0
100,200,471,1,0,1,0
100,200,472,1,0,1,0
100,200,473,1,0,1,0
100,200,474,1,0,1,0
100,200,475,1,0,1,0
100,200,476,1,0,1,0
100,200,477,1,0,1,0
100,200,478,1,0,1,0
100,200,479,1,0,1,0
100,200,480,1,0,1,0
100,200,481,1,0,1,0
100,200,482,1,0,1,0
100,200,483,1,0,1,0
100,200,484,1,0,1,0
100,200,485,1,0,1,0
100,200,486,1,0,1,0
100,200,487,1,0,1,0
100,200,488,1,0,1,0
100,200,489,1,0,1,0
100,200,490,1,0,1,0
100,200,491,1,0,1,0
100,200,492,1,0,1,0
100,200,493,1,0,1,0
100,200,494,1,0,1,0
100,200,495,1,0,1,0
100,200,496,1,0,1,0
100,200,497,1,0,1,0
100,200,498,1,0,1,0
100,200,499,1,0,1,0
100,300,0,1,0,1,0
100,300,1,1,0,1,0
100,300,2,1,0,1,0
100,300,3,1,0,1,0
100,300,4,1,0,1,0
100,300,5,1,0,1,0
100,300,6,1,0,1,0
100,300,7,1,0,1,0
100,300,8,1,0,1,0
100,300,9,1,0,1,0
100,300,10,1,0,1,0
100,300,11,1,0,1,0
100,300,12,1,0,1,0
100,300,13,1,0,1,0
100,300,14,1,0,1,0
100,300,15,1,0,1,0
100,300,16,1,0,1,0
100,300,17,1,0,1,0
100,300,18,1,0,1,0
100,300,19,1,0,1,0
100,300,20,1,0,1,0
100,300,21,1,0,1,0
100,300,22,1,0,1,0
100,300,23,1,0,1,0
100,300,24,1,0,1,0
100,300,25,1,0,1,0
100,300,26,1,0,1,0
100,300,27,1,0,1,0
100,300,28,1,0,1,0
100,300,29,1,0,1,0
100,300,30,1,0,1,0
100,300,31,1,0,1,0
100,300,32,1,0,1,0
100,300,33,1,0,1,0
100,300,34,1,0,1,0
100,300,35,1,0,1,0
100,300,36,1,0,1,0
100,300,37,1,0,1,0
100,300,38,1,0,1,0
100,300,39,1,0,1,0
100,300,40,1,0,1,0
100,300,41,1,0,1,0
100,300,42,1,0,1,0
100,300,43,1,0,1,0
100,300,44,1,0,1,0
100,300,45,1,0,1,0
100,300,46,1,0,1,0
100,300,47,1,0,1,0
100,300,48,1,0,1,0
100,300,49,1,0,1,0
100,300,50,1,0,1,0
100,300,51,1,0,1,0
100,300,52,1,0,1,0
100,300,53,1,0,1,0
100,300,54,1,0,1,0
100,300,55,1,0,1,0
100,300,56,1,0,1,0
100,300,57,1,0,1,0
100,300,58,1,0,1,0
100,300,59,1,0,1,0
100,300,60,1,0,1,0
100,300,61,1,0,1,0
100,300,62,1,0,1,0
100,300,63,1,0,1,0
100,300,64,1,0,1,0
100,300,65,1,0,1,0
100,300,66,1,0,1,0
100,300,67,1,0,1,0
100,300,68,1,0,1,0
100,300,69,1,0,1,0
100,300,70,1,0,1,0
100,300,71,1,0,1,0
100,300,72,1,0,1,0
100,300,73,1,0,1,0
100,300,74,1,0,1,0
100,300,75,1,0,1,0
100,300,76,1,0,1,0
100,300,77,1,0,1,0
100,300,78,1,0,1,0
100,300,79,1,0,1,0
100,300,80,1,0,1,0
100,300,81,1,0,1,0
100,300,82,1,0,1,0
100,300,83,1,0,1,0
100,300,84,1,0,1,0
100,300,85,1,0,1,0
100,300,86,1,0,1,0
100,300,87,1,0,1,0
100,300,88,1,0,1,0
100,300,89,1,0,1,0
100,300,90,1,0,1,0
100,300,91,1,0,1,0
100,300,92,1,0,1,0
100,300,93,1,0,1,0
100,300,94,1,0,1,0
100,300,95,1,0,1,0
100,300,96,1,0,1,0
100,300,97,1,0,1,0
100,300,98,1,0,1,0
100,300,99,1,0,1,0
100,300,100,1,0,1,0
100,300,101,1,0,1,0
100,300,102,1,0,1,0
100,300,103,1,0,1,0
100,300,104,1,0,1,0
100,300,105,1,0,1,0
100,300,106,1,0,1,0
100,300,107,1,0,1,0
100,300,108,1,0,1,0
100,300,109,1,0,1,0
100,300,110,1,0,1,0
100,300,111,1,0,1,0
100,300,112,1,0,1,0
100,300,113,1,0,1,0
100,300,114,1,0,1,0
100,300,115,1,0,1,0
100,300,116,1,0,1,0
100,300,117,1,0,1,0
100,300,118,1,0,1,0
100,300,119,1,0,1,0
100,300,120,1,0,1,0
100,300,121,1,0,1,0
100,300,122,1,0,1,0
100,300,123,1,0,1,0
100,300,124,1,0,1,0
100,300,125,1,0,1,0
100,300,126,1,0,1,0
100,300,127,1,0,1,0
100,300,128,1,0,1,0
100,300,129,1,0,1,0
100,300,130,1,0,1,0
100,300,131,1,0,1,0
100,300,132,1,0,1,0
100,300,133,1,0,1,0
100,300,134,1,0,1,0
100,300,135,1,0,1,0
100,300,136,1,0,1,0
100,300,137,1,0,1,0
100,300,138,1,0,1,0
100,300,139,1,0,1,0
100,300,140,1,0,1,0
100,300,141,1,0,1,0
100,300,142,1,0,1,0
100,300,143,1,0,1,0
100,300,144,1,0,1,0
100,300,145,1,0,1,0
100,300,146,1,0,1,0
100,300,147,1,0,1,0
100,300,148,1,0,1,0
100,300,149,1,0,1,0
100,300,150,1,0,1,0
100,300,151,1,0,1,0
100,300,152,1,0,1,0
100,300,153,1,0,1,0
100,300,154,1,0,1,0
100,300,155,1,0,1,0
100,300,156,1,0,1,0
100,300,157,1,0,1,0
100,300,158,1,0,1,0
100,300,159,1,0,1,0
100,300,160,1,0,1,0
100,300,161,1,0,1,0
100,300,162,1,0,1,0
100,300,163,1,0,1,0
100,300,164,1,0,1,0
100,300,165,1,0,1,0
100,300,166,1,0,1,0
100,300,167,1,0,1,0
100,300,168,1,0,1,0
100,300,169,1,0,1,0
100,300,170,1,0,1,0
100,300,171,1,0,1,0
100,300,172,1,0,1,0
100,300,173,1,0,1,0
100,300,174,1,0,1,0
100,300,175,1,0,1,0
100,300,176,1,0,1,0
100,300,177,1,0,1,0
100,300,178,1,0,1,0
100,300,179,1,0,1,0
100,300,180,1,0,1,0
100,300,181,1,0,1,0
100,300,182,1,0,1,0
100,300,183,1,0,1,0
100,300,184,1,0,1,0
100,300,185,1,0,1,0
100,300,186,1,0,1,0
100,300,187,1,0,1,0
100,300,188,1,0,1,0
100,300,189,1,0,1,0
100,300,190,1,0,1,0
100,300,191,1,0,1,0
100,300,192,1,0,1,0
100,300,193,1,0,1,0
100,300,194,1,0,1,0
100,300,195,1,0,1,0
100,300,196,1,0,1,0
100,300,197,1,0,1,0
100,300,198,1,0,1,0
100,300,199,1,0,1,0
100,300,200,1,0,1,0
100,300,201,1,0,1,0
100,300,202,1,0,1,0
100,300,203,1,0,1,0
100,300,204,1,0,1,0
100,300,205,1,0,1,0
100,300,206,1,0,1,0
100,300,207,1,0,1,0
100,300,208,1,0,1,0
100,300,209,1,0,1,0
100,300,210,1,0,1,0
100,300,211,1,0,1,0
100,300,212,1,0,1,0
100,300,213,1,0,1,0
100,300,214,1,0,1,0
100,300,215,1,0,1,0
100,300,216,1,0,1,0
100,300,217,1,0,1,0
100,300,218,1,0,1,0
100,300,219,1,0,1,0
100,300,220,1,0,1,0
100,300,221,1,0,1,0
100,300,222,1,0,1,0
100,300,223,1,0,1,0
100,300,224,1,0,1,0
100,300,225,1,0,1,0
100,300,226,1,0,1,0
100,300,227,1,0,1,0
100,300,228,1,0,1,0
100,300,229,1,0,1,0
100,300,230,1,0,1,0
100,300,231,1,0,1,0
100,300,232,1,0,1,0
100,300,233,1,0,1,0
100,300,234,1,0,1,0
100,300,235,1,0,1,0
100,300,236,1,0,1,0
100,300,237,1,0,1,0
100,300,238,1,0,1,0
100,300,239,1,0,1,0
100,300,240,1,0,1,0
100,300,241,1,0,1,0
100,300,242,1,0,1,0
100,300,243,1,0,1,0
100,300,244,1,0,1,0
100,300,245,1,0,1,0
100,300,246,1,0,1,0
100,300,247,1,0,1,0
100,300,248,1,0,1,0
100,300,249,1,0,1,0
100,300,250,1,0,1,0
100,300,251,1,0,1,0
100,300,252,1,0,1,0
100,300,253,1,0,1,0
100,300,254,1,0,1,0
100,300,255,1,0,1,0
100,300,256,1,0,1,0
100,300,257,1,0,1,0
100,300,258,1,0,1,0
100,300,259,1,0,1,0
100,300,260,1,0,1,0
100,300,261,1,0,1,0
100,300,262,1,0,1,0
100,300,263,1,0,1,0
100,300,264,1,0,1,0
100,300,265,1,0,1,0
100,300,266,1,0,1,0
100,300,267,1,0,1,0
100,300,268,1,0,1,0
100,300,269,1,0,1,0
100,300,270,1,0,1,0
100,300,271,1,0,1,0
100,300,272,1,0,1,0
100,300,273,1,0,1,0
100,300,274,1,0,1,0
100,300,275,1,0,1,0
100,300,276,1,0,1,0
100,300,277,1,0,1,0
100,300,278,1,0,1,0
100,300,279,1,0,1,0
100,300,280,1,0,1,0
100,300,281,1,0,1,0
100,300,282,1,0,1,0
100,300,283,1,0,1,0
100,300,284,1,0,1,0
100,300,285,1,0,1,0
100,300,286,1,0,1,0
100,300,287,1,0,1,0
100,300,288,1,0,1,0
100,300,289,1,0,1,0
100,300,290,1,0,1,0
100,300,291,1,0,1,0
100,300,292,1,0,1,0
100,300,293,1,0,1,0
100,300,294,1,0,1,0
100,300,295,1,0,1,0
100,300,296,1,0,1,0
100,300,297,1,0,1,0
100,300,298,1,0,1,0
100,300,299,1,0,1,0
100,300,300,1,0,1,0
100,300,301,1,0,1,0
100,300,302,1,0,1,0
100,300,303,1,0,1,0
100,300,304,1,0,1,0
100,300,305,1,0,1,0
100,300,306,1,0,1,0
100,300,307,1,0,1,0
100,300,308,1,0,1,0
100,300,309,1,0,1,0
100,300,310,1,0,1,0
100,300,311,1,0,1,0
100,300,312,1,0,1,0
100,300,313,1,0,1,0
100,300,314,1,0,1,0
100,300,315,1,0,1,0
100,300,316,1,0,1,0
100,300,317,1,0,1,0
100,300,318,1,0,1,0
100,300,319,1,0,1,0
100,300,320,1,0,1,0
100,300,321,1,0,1,0
100,300,322,1,0,1,0
100,300,323,1,0,1,0
100,300,324,1,0,1,0
100,300,325,1,0,1,0
100,300,326,1,0,1,0
100,300,327,1,0,1,0
100,300,328,1,0,1,0
100,300,329,1,0,1,0
100,300,330,1,0,1,0
100,300,331,1,0,1,0
100,300,332,1,0,1,0
100,300,333,1,0,1,0
100,300,334,1,0,1,0
100,300,335,1,0,1,0
100,300,336,1,0,1,0
100,300,337,1,0,1,0
100,300,338,1,0,1,0
100,300,339,1,0,1,0
100,300,340,1,0,1,0
100,300,341,1,0,1,0
100,300,342,1,0,1,0
100,300,343,1,0,1,0
100,300,344,1,0,1,0
100,300,345,1,0,1,0
100,300,346,1,0,1,0
100,300,347,1,0,1,0
100,300,348,1,0,1,0
100,300,349,1,0,1,0
100,300,350,1,0,1,0
100,300,351,1,0,1,0
100,300,352,1,0,1,0
100,300,353,1,0,1,0
100,300,354,1,0,1,0
100,300,355,1,0,1,0
100,300,356,1,0,1,0
100,300,357,1,0,1,0
100,300,358,1,0,1,0
100,300,359,1,0,1,0
100,300,360,1,0,1,0
100,300,361,1,0,1,0
100,300,362,1,0,1,0
100,300,363,1,0,1,0
100,300,364,1,0,1,0
100,300,365,1,0,1,0
100,300,366,1,0,1,0
100,300,367,1,0,1,0
100,300,368,1,0,1,0
100,300,369,1,0,1,0
100,300,370,1,0,1,0
100,300,371,1,0,1,0
100,300,372,1,0,1,0
100,300,373,1,0,1,0
100,300,374,1,0,1,0
100,300,375,1,0,1,0
100,300,376,1,0,1,0
100,300,377,1,0,1,0
100,300,378,1,0,1,0
100,300,379,1,0,1,0
100,300,380,1,0,1,0
100,300,381,1,0,1,0
100,300,382,1,0,1,0
100,300,383,1,0,1,0
100,300,384,1,0,1,0
100,300,385,1,0,1,0
100,300,386,1,0,1,0
100,300,387,1,0,1,0
100,300,388,1,0,1,0
100,300,389,1,0,1,0
100,300,390,1,0,1,0
100,300,391,1,0,1,0
100,300,392,1,0,1,0
100,300,393,1,0,1,0
100,300,394,1,0,1,0
100,300,395,1,0,1,0
100,300,396,1,0,1,0
100,300,397,1,0,1,0
100,300,398,1,0,1,0
100,300,399,1,0,1,0
100,300,400,1,0,1,0
100,300,401,1,0,1,0
100,300,402,1,0,1,0
100,300,403,1,0,1,0
100,300,404,1,0,1,0
100,300,405,1,0,1,0
100,300,406,1,0,1,0
100,300,407,1,0,1,0
100,300,408,1,0,1,0
100,300,409,1,0,1,0
100,300,410,1,0,1,0
100,300,411,1,0,1,0
100,300,412,1,0,1,0
100,300,413,1,0,1,0
100,300,414,1,0,1,0
100,300,415,1,0,1,0
100,300,416,1,0,1,0
100,300,417,1,0,1,0
100,300,418,1,0,1,0
100,300,419,1,0,1,0
100,300,420,1,0,1,0
100,300,421,1,0,1,0
100,300,422,1,0,1,0
100,300,423,1,0,1,0
100,300,424,1,0,1,0
100,300,425,1,0,1,0
100,300,426,1,0,1,0
100,300,427,1,0,1,0
100,300,428,1,0,1,0
100,300,429,1,0,1,0
100,300,430,1,0,1,0
100,300,431,1,0,1,0
100,300,432,1,0,1,0
100,300,433,1,0,1,0
100,300,434,1,0,1,0
100,300,435,1,0,1,0
100,300,436,1,0,1,0
100,300,437,1,0,1,0
100,300,438,1,0,1,0
100,300,439,1,0,1,0
100,300,440,1,0,1,0
100,300,441,1,0,1,0
100,300,442,1,0,1,0
100,300,443,1,0,1,0
100,300,444,1,0,1,0
100,300,445,1,0,1,0
100,300,446,1,0,1,0
100,300,447,1,0,1,0
100,300,448,1,0,1,0
100,300,449,1,0,1,0
100,300,450,1,0,1,0
100,300,451,1,0,1,0
100,300,452,1,0,1,0
100,300,453,1,0,1,0
100,300,454,1,0,1,0
100,300,455,1,0,1,0
100,300,456,1,0,1,0
100,300,457,1,0,1,0
100,300,458,1,0,1,0
100,300,459,1,0,1,0
100,300,460,1,0,1,0
100,300,461,1,0,1,0
100,300,462,1,0,1,0
100,300,463,1,0,1,0
100,300,464,1,0,1,0
100,300,465,1,0,1,0
100,300,466,1,0,1,0
100,300,467,1,0,1,0
100,300,468,1,0,1,0
100,300,469,1,0,1,0
100,300,470,1,0,1,0
100,300,471,1,0,1,0
100,300,472,1,0,1,0
100,300,473,1,0,1,0
100,300,474,1,0,1,0
100,300,475,1,0,1,0
100,300,476,1,0,1,0
100,300,477,1,0,1,0
100,300,478,1,0,1,0
100,300,479,1,0,1,0
100,300,480,1,0,1,0
100,300,481,1,0,1,0
100,300,482,1,0,1,0
100,300,483,1,0,1,0
100,300,484,1,0,1,0
100,300,485,1,0,1,0
100,300,486,1,0,1,0
100,300,487,1,0,1,0
100,300,488,1,0,1,0
100,300,489,1,0,1,0
100,300,490,1,0,1,0
100,300,491,1,0,1,0
100,300,492,1,0,1,0
100,300,493,1,0,1,0
100,300,494,1,0,1,0
100,300,495,1,0,1,0
100,300,496,1,0,1,0
100,300,497,1,0,1,0
100,300,498,1,0,1,0
100,300,499,1,0,1,0
100,400,0,1,0,1,0
100,400,1,1,0,1,0
100,400,2,1,0,1,0
100,400,3,1,0,1,0
100,400,4,1,0,1,0
100,400,5,1,0,1,0
100,400,6,1,0,1,0
100,400,7,1,0,1,0
100,400,8,1,0,1,0
100,400,9,1,0,1,0
100,400,10,1,0,1,0
100,400,11,1,0,1,0
100,400,12,1,0,1,0
100,400,13,1,0,1,0
100,400,14,1,0,1,0
100,400,15,1,0,1,0
100,400,16,1,0,1,0
100,400,17,1,0,1,0
100,400,18,1,0,1,0
100,400,19,1,0,1,0
100,400,20,1,0,1,0
100,400,21,1,0,1,0
100,400,22,1,0,1,0
100,400,23,1,0,1,0
100,400,24,1,0,1,0
100,400,25,1,0,1,0
100,400,26,1,0,1,0
100,400,27,1,0,1,0
100,400,28,1,0,1,0
100,400,29,1,0,1,0
100,400,30,1,0,1,0
100,400,31,1,0,1,0
100,400,32,1,0,1,0
100,400,33,1,0,1,0
100,400,34,1,0,1,0
100,400,35,1,0,1,0
100,400,36,1,0,1,0
100,400,37,1,0,1,0
100,400,38,1,0,1,0
100,400,39,1,0,1,0
100,400,40,1,0,1,0
100,400,41,1,0,1,0
100,400,42,1,0,1,0
100,400,43,1,0,1,0
100,400,44,1,0,1,0
100,400,45,1,0,1,0
100,400,46,1,0,1,0
100,400,47,1,0,1,0
100,400,48,1,0,1,0
100,400,49,1,0,1,0
100,400,50,1,0,1,0
100,400,51,1,0,1,0
100,400,52,1,0,1,0
100,400,53,1,0,1,0
100,400,54,1,0,1,0
100,400,55,1,0,1,0
100,400,56,1,0,1,0
100,400,57,1,0,1,0
100,400,58,1,0,1,0
100,400,59,1,0,1,0
100,400,60,1,0,1,0
100,400,61,1,0,1,0
100,400,62,1,0,1,0
100,400,63,1,0,1,0
100,400,64,1,0,1,0
100,400,65,1,0,1,0
100,400,66,1,0,1,0
100,400,67,1,0,1,0
100,400,68,1,0,1,0
100,400,69,1,0,1,0
100,400,70,1,0,1,0
100,400,71,1,0,1,0
100,400,72,1,0,1,0
100,400,73,1,0,1,0
100,400,74,1,0,1,0
100,400,75,1,0,1,0
100,400,76,1,0,1,0
100,400,77,1,0,1,0
100,400,78,1,0,1,0
100,400,79,1,0,1,0
100,400,80,1,0,1,0
100,400,81,1,0,1,0
100,400,82,1,0,1,0
100,400,83,1,0,1,0
100,400,84,1,0,1,0
100,400,85,1,0,1,0
100,400,86,1,0,1,0
100,400,87,1,0,1,0
100,400,88,1,0,1,0
100,400,89,1,0,1,0
100,400,90,1,0,1,0
100,400,91,1,0,1,0
100,400,92,1,0,1,0
100,400,93,1,0,1,0
100,400,94,1,0,1,0
100,400,95,1,0,1,0
100,400,96,1,0,1,0
100,400,97,1,0,1,0
100,400,98,1,0,1,0
100,400,99,1,0,1,0
100,400,100,1,0,1,0
100,400,101,1,0,1,0
100,400,102,1,0,1,0
100,400,103,1,0,1,0
100,400,104,1,0,1,0
100,400,105,1,0,1,0
100,400,106,1,0,1,0
100,400,107,1,0,1,0
100,400,108,1,0,1,0
100,400,109,1,0,1,0
100,400,110,1,0,1,0
100,400,111,1,0,1,0
100,400,112,1,0,1,0
100,400,113,1,0,1,0
100,400,114,1,0,1,0
100,400,115,1,0,1,0
100,400,116,1,0,1,0
100,400,117,1,0,1,0
100,400,118,1,0,1,0
100,400,119,1,0,1,0
100,400,120,1,0,1,0
100,400,121,1,0,1,0
100,400,122,1,0,1,0
100,400,123,1,0,1,0
100,400,124,1,0,1,0
100,400,125,1,0,1,0
100,400,126,1,0,1,0
100,400,127,1,0,1,0
100,400,128,1,0,1,0
100,400,129,1,0,1,0
100,400,130,1,0,1,0
100,400,131,1,0,1,0
100,400,132,1,0,1,0
100,400,133,1,0,1,0
100,400,134,1,0,1,0
100,400,135,1,0,1,0
100,400,136,1,0,1,0
100,400,137,1,0,1,0
100,400,138,1,0,1,0
100,400,139,1,0,1,0
100,400,140,1,0,1,0
100,400,141,1,0,1,0
100,400,142,1,0,1,0
100,400,143,1,0,1,0
100,400,144,1,0,1,0
100,400,145,1,0,1,0
100,400,146,1,0,1,0
100,400,147,1,0,1,0
100,400,148,1,0,1,0
100,400,149,1,0,1,0
100,400,150,1,0,1,0
100,400,151,1,0,1,0
100,400,152,1,0,1,0
100,400,153,1,0,1,0
100,400,154,1,0,1,0
100,400,155,1,0,1,0
100,400,156,1,0,1,0
100,400,157,1,0,1,0
100,400,158,1,0,1,0
100,400,159,1,0,1,0
100,400,160,1,0,1,0
100,400,161,1,0,1,0
100,400,162,1,0,1,0
100,400,163,1,0,1,0
100,400,164,1,0,1,0
100,400,165,1,0,1,0
100,400,166,1,0,1,0
100,400,167,1,0,1,0
100,400,168,1,0,1,0
100,400,169,1,0,1,0
100,400,170,1,0,1,0
100,400,171,1,0,1,0
100,400,172,1,0,1,0
100,400,173,1,0,1,0
100,400,174,1,0,1,0
100,400,175,1,0,1,0
100,400,176,1,0,1,0
100,400,177,1,0,1,0
100,400,178,1,0,1,0
100,400,179,1,0,1,0
100,400,180,1,0,1,0
100,400,181,1,0,1,0
100,400,182,1,0,1,0
100,400,183,1,0,1,0
100,400,184,1,0,1,0
100,400,185,1,0,1,0
100,400,186,1,0,1,0
100,400,187,1,0,1,0
100,400,188,1,0,1,0
100,400,189,1,0,1,0
100,400,190,1,0,1,0
100,400,191,1,0,1,0
100,400,192,1,0,1,0
100,400,193,1,0,1,0
100,400,194,1,0,1,0
100,400,195,1,0,1,0
100,400,196,1,0,1,0
100,400,197,1,0,1,0
100,400,198,1,0,1,0
100,400,199,1,0,1,0
100,400,200,1,0,1,0
100,400,201,1,0,1,0
100,400,202,1,0,1,0
100,400,203,1,0,1,0
100,400,204,1,0,1,0
100,400,205,1,0,1,0
100,400,206,1,0,1,0
100,400,207,1,0,1,0
100,400,208,1,0,1,0
100,400,209,1,0,1,0
100,400,210,1,0,1,0
100,400,211,1,0,1,0
100,400,212,1,0,1,0
100,400,213,1,0,1,0
100,400,214,1,0,1,0
100,400,215,1,0,1,0
100,400,216,1,0,1,0
100,400,217,1,0,1,0
100,400,218,1,0,1,0
100,400,219,1,0,1,0
100,400,220,1,0,1,0
100,400,221,1,0,1,0
100,400,222,1,0,1,0
100,400,223,1,0,1,0
100,400,224,1,0,1,0
100,400,225,1,0,1,0
100,400,226,1,0,1,0
100,400,227,1,0,1,0
100,400,228,1,0,1,0
100,400,229,1,0,1,0
100,400,230,1,0,1,0
100,400,231,1,0,1,0
100,400,232,1,0,1,0
100,400,233,1,0,1,0
100,400,234,1,0,1,0
100,400,235,1,0,1,0
100,400,236,1,0,1,0
100,400,237,1,0,1,0
100,400,238,1,0,1,0
100,400,239,1,0,1,0
100,400,240,1,0,1,0
100,400,241,1,0,1,0
100,400,242,1,0,1,0
100,400,243,1,0,1,0
100,400,244,1,0,1,0
100,400,245,1,0,1,0
100,400,246,1,0,1,0
100,400,247,1,0,1,0
100,400,248,1,0,1,0
100,400,249,1,0,1,0
100,400,250,1,0,1,0
100,400,251,1,0,1,0
100,400,252,1,0,1,0
100,400,253,1,0,1,0
100,400,254,1,0,1,0
100,400,255,1,0,1,0
100,400,256,1,0,1,0
100,400,257,1,0,1,0
100,400,258,1,0,1,0
100,400,259,1,0,1,0
100,400,260,1,0,1,0
100,400,261,1,0,1,0
100,400,262,1,0,1,0
100,400,263,1,0,1,0
100,400,264,1,0,1,0
100,400,265,1,0,1,0
100,400,266,1,0,1,0
100,400,267,1,0,1,0
100,400,268,1,0,1,0
100,400,269,1,0,1,0
100,400,270,1,0,1,0
100,400,271,1,0,1,0
100,400,272,1,0,1,0
100,400,273,1,0,1,0
100,400,274,1,0,1,0
100,400,275,1,0,1,0
100,400,276,1,0,1,0
100,400,277,1,0,1,0
100,400,278,1,0,1,0
100,400,279,1,0,1,0
100,400,280,1,0,1,0
100,400,281,1,0,1,0
100,400,282,1,0,1,0
100,400,283,1,0,1,0
100,400,284,1,0,1,0
100,400,285,1,0,1,0
100,400,286,1,0,1,0
100,400,287,1,0,1,0
100,400,288,1,0,1,0
100,400,289,1,0,1,0
100,400,290,1,0,1,0
100,400,291,1,0,1,0
100,400,292,1,0,1,0
100,400,293,1,0,1,0
100,400,294,1,0,1,0
100,400,295,1,0,1,0
100,400,296,1,0,1,0
100,400,297,1,0,1,0
100,400,298,1,0,1,0
100,400,299,1,0,1,0
100,400,300,1,0,1,0
100,400,301,1,0,1,0
100,400,302,1,0,1,0
100,400,303,1,0,1,0
100,400,304,1,0,1,0
100,400,305,1,0,1,0
100,400,306,1,0,1,0
100,400,307,1,0,1,0
100,400,308,1,0,1,0
100,400,309,1,0,1,0
100,400,310,1,0,1,0
100,400,311,1,0,1,0
100,400,312,1,0,1,0
100,400,313,1,0,1,0
100,400,314,1,0,1,0
100,400,315,1,0,1,0
100,400,316,1,0,1,0
100,400,317,1,0,1,0
100,400,318,1,0,1,0
100,400,319,1,0,1,0
100,400,320,1,0,1,0
100,400,321,1,0,1,0
100,400,322,1,0,1,0
100,400,323,1,0,1,0
100,400,324,1,0,1,0
100,400,325,1,0,1,0
100,400,326,1,0,1,0
100,400,327,1,0,1,0
100,400,328,1,0,1,0
100,400,329,1,0,1,0
100,400,330,1,0,1,0
100,400,331,1,0,1,0
100,400,332,1,0,1,0
100,400,333,1,0,1,0
100,400,334,1,0,1,0
100,400,335,1,0,1,0
100,400,336,1,0,1,0
100,400,337,1,0,1,0
100,400,338,1,0,1,0
100,400,339,1,0,1,0
100,400,340,1,0,1,0
100,400,341,1,0,1,0
100,400,342,1,0,1,0
100,400,343,1,0,1,0
100,400,344,1,0,1,0
100,400,345,1,0,1,0
100,400,346,1,0,1,0
100,400,347,1,0,1,0
100,400,348,1,0,1,0
100,400,349,1,0,1,0
100,400,350,1,0,1,0
100,400,351,1,0,1,0
100,400,352,1,0,1,0
100,400,353,1,0,1,0
100,400,354,1,0,1,0
100,400,355,1,0,1,0
100,400,356,1,0,1,0
100,400,357,1,0,1,0
100,400,358,1,0,1,0
100,400,359,1,0,1,0
100,400,360,1,0,1,0
100,400,361,1,0,1,0
100,400,362,1,0,1,0
100,400,363,1,0,1,0
100,400,364,1,0,1,0
100,400,365,1,0,1,0
100,400,366,1,0,1,0
100,400,367,1,0,1,0
100,400,368,1,0,1,0
100,400,369,1,0,1,0
100,400,370,1,0,1,0
100,400,371,1,0,1,0
100,400,372,1,0,1,0
100,400,373,1,0,1,0
100,400,374,1,0,1,0
100,400,375,1,0,1,0
100,400,376,1,0,1,0
100,400,377,1,0,1,0
100,400,378,1,0,1,0
100,400,379,1,0,1,0
100,400,380,1,0,1,0
100,400,381,1,0,1,0
100,400,382,1,0,1,0
100,400,383,1,0,1,0
100,400,384,1,0,1,0
100,400,385,1,0,1,0
100,400,386,1,0,1,0
100,400,387,1,0,1,0
100,400,388,1,0,1,0
100,400,389,1,0,1,0
100,400,390,1,0,1,0
100,400,391,1,0,1,0
100,400,392,1,0,1,0
100,400,393,1,0,1,0
100,400,394,1,0,1,0
100,400,395,1,0,1,0
100,400,396,1,0,1,0
100,400,397,1,0,1,0
100,400,398,1,0,1,0
100,400,399,1,0,1,0
100,400,400,1,0,1,0
100,400,401,1,0,1,0
100,400,402,1,0,1,0
100,400,403,1,0,1,0
100,400,404,1,0,1,0
100,400,405,1,0,1,0
100,400,406,1,0,1,0
100,400,407,1,0,1,0
100,400,408,1,0,1,0
100,400,409,1,0,1,0
100,400,410,1,0,1,0
100,400,411,1,0,1,0
100,400,412,1,0,1,0
100,400,413,1,0,1,0
100,400,414,1,0,1,0
100,400,415,1,0,1,0
100,400,416,1,0,1,0
100,400,417,1,0,1,0
100,400,418,1,0,1,0
100,400,419,1,0,1,0
100,400,420,1,0,1,0
100,400,421,1,0,1,0
100,400,422,1,0,1,0
100,400,423,1,0,1,0
100,400,424,1,0,1,0
100,400,425,1,0,1,0
100,400,426,1,0,1,0
100,400,427,1,0,1,0
100,400,428,1,0,1,0
100,400,429,1,0,1,0
100,400,430,1,0,1,0
100,400,431,1,0,1,0
100,400,432,1,0,1,0
100,400,433,1,0,1,0
100,400,434,1,0,1,0
100,400,435,1,0,1,0
100,400,436,1,0,1,0
100,400,437,1,0,1,0
100,400,438,1,0,1,0
100,400,439,1,0,1,0
100,400,440,1,0,1,0
100,400,441,1,0,1,0
100,400,442,1,0,1,0
100,400,443,1,0,1,0
100,400,444,1,0,1,0
100,400,445,1,0,1,0
100,400,446,1,0,1,0
100,400,447,1,0,1,0
100,400,448,1,0,1,0
100,400,449,1,0,1,0
100,400,450,1,0,1,0
100,400,451,1,0,1,0
100,400,452,1,0,1,0
100,400,453,1,0,1,0
100,400,454,1,0,1,0
100,400,455,1,0,1,0
100,400,456,1,0,1,0
100,400,457,1,0,1,0
100,400,458,1,0,1,0
100,400,459,1,0,1,0
100,400,460,1,0,1,0
100,400,461,1,0,1,0
100,400,462,1,0,1,0
100,400,463,1,0,1,0
100,400,464,1,0,1,0
100,400,465,1,0,1,0
100,400,466,1,0,1,0
100,400,467,1,0,1,0
100,400,468,1,0,1,0
100,400,469,1,0,1,0
100,400,470,1,0,1,0
100,400,471,1,0,1,0
100,400,472,1,0,1,0
100,400,473,1,0,1,0
100,400,474,1,0,1,0
100,400,475,1,0,1,0
100,400,476,1,0,1,0
100,400,477,1,0,1,0
100,400,478,1,0,1,0
100,400,479,1,0,1,0
100,400,480,1,0,1,0
100,400,481,1,0,1,0
100,400,482,1,0,1,0
100,400,483,1,0,1,0
100,400,484,1,0,1,0
100,400,485,1,0,1,0
100,400,486,1,0,1,0
100,400,487,1,0,1,0
100,400,488,1,0,1,0
100,400,489,1,0,1,0
100,400,490,1,0,1,0
100,400,491,1,0,1,0
100,400,492,1,0,1,0
100,400,493,1,0,1,0
100,400,494,1,0,1,0
100,400,495,1,0,1,0
100,400,496,1,0,1,0
100,400,497,1,0,1,0
100,400,498,1,0,1,0
100,400,499,1,0,1,0
100,500,0,1,0,1,0
100,500,1,1,0,1,0
100,500,2,1,0,1,0
100,500,3,1,0,1,0
100,500,4,1,0,1,0
100,500,5,1,0,1,0
100,500,6,1,0,1,0
100,500,7,1,0,1,0
100,500,8,1,0,1,0
100,500,9,1,0,1,0
100,500,10,1,0,1,0
100,500,11,1,0,1,0
100,500,12,1,0,1,0
100,500,13,1,0,1,0
100,500,14,1,0,1,0
100,500,15,1,0,1,0
100,500,16,1,0,1,0
100,500,17,1,0,1,0
100,500,18,1,0,1,0
100,500,19,1,0,1,0
100,500,20,1,0,1,0
100,500,21,1,0,1,0
100,500,22,1,0,1,0
100,500,23,1,0,1,0
100,500,24,1,0,1,0
100,500,25,1,0,1,0
100,500,26,1,0,1,0
100,500,27,1,0,1,0
100,500,28,1,0,1,0
100,500,29,1,0,1,0
100,500,30,1,0,1,0
100,500,31,1,0,1,0
100,500,32,1,0,1,0
100,500,33,1,0,1,0
100,500,34,1,0,1,0
100,500,35,1,0,1,0
100,500,36,1,0,1,0
100,500,37,1,0,1,0
100,500,38,1,0,1,0
100,500,39,1,0,1,0
100,500,40,1,0,1,0
100,500,41,1,0,1,0
100,500,42,1,0,1,0
100,500,43,1,0,1,0
100,500,44,1,0,1,0
100,500,45,1,0,1,0
100,500,46,1,0,1,0
100,500,47,1,0,1,0
100,500,48,1,0,1,0
100,500,49,1,0,1,0
100,500,50,1,0,1,0
100,500,51,1,0,1,0
100,500,52,1,0,1,0
100,500,53,1,0,1,0
100,500,54,1,0,1,0
100,500,55,1,0,1,0
100,500,56,1,0,1,0
100,500,57,1,0,1,0
100,500,58,1,0,1,0
100,500,59,1,0,1,0
100,500,60,1,0,1,0
100,500,61,1,0,1,0
100,500,62,1,0,1,0
100,500,63,1,0,1,0
100,500,64,1,0,1,0
100,500,65,1,0,1,0
100,500,66,1,0,1,0
100,500,67,1,0,1,0
100,500,68,1,0,1,0
100,500,69,1,0,1,0
100,500,70,1,0,1,0
100,500,71,1,0,1,0
100,500,72,1,0,1,0
100,500,73,1,0,1,0
100,500,74,1,0,1,0
100,500,75,1,0,1,0
100,500,76,1,0,1,0
100,500,77,1,0,1,0
100,500,78,1,0,1,0
100,500,79,1,0,1,0
100,500,80,1,0,1,0
100,500,81,1,0,1,0
100,500,82,1,0,1,0
100,500,83,1,0,1,0
100,500,84,1,0,1,0
100,500,85,1,0,1,0
100,500,86,1,0,1,0
100,500,87,1,0,1,0
100,500,88,1,0,1,0
100,500,89,1,0,1,0
100,500,90,1,0,1,0
100,500,91,1,0,1,0
100,500,92,1,0,1,0
100,500,93,1,0,1,0
100,500,94,1,0,1,0
100,500,95,1,0,1,0
100,500,96,1,0,1,0
100,500,97,1,0,1,0
100,500,98,1,0,1,0
100,500,99,1,0,1,0
100,500,100,1,0,1,0
100,500,101,1,0,1,0
100,500,102,1,0,1,0
100,500,103,1,0,1,0
100,500,104,1,0,1,0
100,500,105,1,0,1,0
100,500,106,1,0,1,0
100,500,107,1,0,1,0
100,500,108,1,0,1,0
100,500,109,1,0,1,0
100,500,110,1,0,1,0
100,500,111,1,0,1,0
100,500,112,1,0,1,0
100,500,113,1,0,1,0
100,500,114,1,0,1,0
100,500,115,1,0,1,0
100,500,116,1,0,1,0
100,500,117,1,0,1,0
100,500,118,1,0,1,0
100,500,119,1,0,1,0
100,500,120,1,0,1,0
100,500,121,1,0,1,0
100,500,122,1,0,1,0
100,500,123,1,0,1,0
100,500,124,1,0,1,0
100,500,125,1,0,1,0
100,500,126,1,0,1,0
100,500,127,1,0,1,0
100,500,128,1,0,1,0
100,500,129,1,0,1,0
100,500,130,1,0,1,0
100,500,131,1,0,1,0
100,500,132,1,0,1,0
100,500,133,1,0,1,0
100,500,134,1,0,0,1
100,500,135,1,0,1,0
100,500,136,1,0,1,0
100,500,137,1,0,1,0
100,500,138,1,0,1,0
100,500,139,1,0,1,0
100,500,140,1,0,1,0
100,500,141,1,0,1,0
100,500,142,1,0,1,0
100,500,143,1,0,1,0
100,500,144,1,0,1,0
100,500,145,1,0,1,0
100,500,146,1,0,1,0
100,500,147,1,0,1,0
100,500,148,1,0,1,0
100,500,149,1,0,1,0
100,500,150,1,0,1,0
100,500,151,1,0,1,0
100,500,152,1,0,1,0
100,500,153,1,0,1,0
100,500,154,1,0,1,0
100,500,155,1,0,1,0
100,500,156,1,0,1,0
100,500,157,1,0,1,0
100,500,158,1,0,1,0
100,500,159,1,0,1,0
100,500,160,1,0,1,0
100,500,161,1,0,1,0
100,500,162,1,0,1,0
100,500,163,1,0,1,0
100,500,164,1,0,1,0
100,500,165,1,0,1,0
100,500,166,1,0,1,0
100,500,167,1,0,1,0
100,500,168,1,0,1,0
100,500,169,1,0,1,0
100,500,170,1,0,1,0
100,500,171,1,0,1,0
100,500,172,1,0,1,0
100,500,173,1,0,1,0
100,500,174,1,0,1,0
100,500,175,1,0,1,0
100,500,176,1,0,1,0
100,500,177,1,0,1,0
100,500,178,1,0,1,0
100,500,179,1,0,1,0
100,500,180,1,0,1,0
100,500,181,1,0,1,0
100,500,182,1,0,0,1
100,500,183,1,0,1,0
100,500,184,1,0,1,0
100,500,185,1,0,1,0
100,500,186,1,0,1,0
100,500,187,1,0,1,0
100,500,188,1,0,1,0
100,500,189,1,0,1,0
100,500,190,1,0,1,0
100,500,191,1,0,1,0
100,500,192,1,0,1,0
100,500,193,1,0,1,0
100,500,194,1,0,1,0
100,500,195,1,0,1,0
100,500,196,1,0,1,0
100,500,197,1,0,1,0
100,500,198,1,0,1,0
100,500,199,1,0,1,0
100,500,200,1,0,1,0
100,500,201,1,0,1,0
100,500,202,1,0,1,0
100,500,203,1,0,1,0
100,500,204,1,0,1,0
100,500,205,1,0,1,0
100,500,206,1,0,1,0
100,500,207,1,0,1,0
100,500,208,1,0,1,0
100,500,209,1,0,1,0
100,500,210,1,0,1,0
100,500,211,1,0,1,0
100,500,212,1,0,1,0
100,500,213,1,0,1,0
100,500,214,1,0,1,0
100,500,215,1,0,1,0
100,500,216,1,0,1,0
100,500,217,1,0,1,0
100,500,218,1,0,1,0
100,500,219,1,0,1,0
100,500,220,1,0,1,0
100,500,221,1,0,1,0
100,500,222,1,0,1,0
100,500,223,1,0,1,0
100,500,224,1,0,1,0
100,500,225,1,0,1,0
100,500,226,1,0,1,0
100,500,227,1,0,1,0
100,500,228,1,0,1,0
100,500,229,1,0,1,0
100,500,230,1,0,1,0
100,500,231,1,0,1,0
100,500,232,1,0,1,0
100,500,233,1,0,1,0
100,500,234,1,0,1,0
100,500,235,1,0,1,0
100,500,236,1,0,1,0
100,500,237,1,0,1,0
100,500,238,1,0,1,0
100,500,239,1,0,1,0
100,500,240,1,0,1,0
100,500,241,1,0,1,0
100,500,242,1,0,1,0
100,500,243,1,0,1,0
100,500,244,1,0,1,0
100,500,245,1,0,1,0
100,500,246,1,0,1,0
100,500,247,1,0,1,0
100,500,248,1,0,1,0
100,500,249,1,0,1,0
100,500,250,1,0,1,0
100,500,251,1,0,1,0
100,500,252,1,0,1,0
100,500,253,1,0,1,0
100,500,254,1,0,1,0
100,500,255,1,0,1,0
100,500,256,1,0,1,0
100,500,257,1,0,1,0
100,500,258,1,0,1,0
100,500,259,1,0,1,0
100,500,260,1,0,1,0
100,500,261,1,0,1,0
100,500,262,1,0,1,0
100,500,263,1,0,1,0
100,500,264,1,0,1,0
100,500,265,1,0,1,0
100,500,266,1,0,1,0
100,500,267,1,0,1,0
100,500,268,1,0,1,0
100,500,269,1,0,1,0
100,500,270,1,0,1,0
100,500,271,1,0,1,0
100,500,272,1,0,1,0
100,500,273,1,0,1,0
100,500,274,1,0,1,0
100,500,275,1,0,1,0
100,500,276,1,0,1,0
100,500,277,1,0,1,0
100,500,278,1,0,1,0
100,500,279,1,0,1,0
100,500,280,1,0,1,0
100,500,281,1,0,1,0
100,500,282,1,0,1,0
100,500,283,1,0,1,0
100,500,284,1,0,1,0
100,500,285,1,0,1,0
100,500,286,1,0,1,0
100,500,287,1,0,1,0
100,500,288,1,0,1,0
100,500,289,1,0,1,0
100,500,290,1,0,1,0
100,500,291,1,0,1,0
100,500,292,1,0,1,0
100,500,293,1,0,1,0
100,500,294,1,0,1,0
100,500,295,1,0,1,0
100,500,296,1,0,1,0
100,500,297,1,0,1,0
100,500,298,1,0,1,0
100,500,299,1,0,1,0
100,500,300,1,0,1,0
100,500,301,1,0,1,0
100,500,302,1,0,1,0
100,500,303,1,0,1,0
100,500,304,1,0,1,0
100,500,305,1,0,1,0
100,500,306,1,0,1,0
100,500,307,1,0,1,0
100,500,308,1,0,1,0
100,500,309,1,0,1,0
100,500,310,1,0,1,0
100,500,311,1,0,1,0
100,500,312,1,0,1,0
100,500,313,1,0,1,0
100,500,314,1,0,0,1
100,500,315,1,0,1,0
100,500,316,1,0,1,0
100,500,317,1,0,1,0
100,500,318,1,0,1,0
100,500,319,1,0,1,0
100,500,320,1,0,1,0
100,500,321,1,0,1,0
100,500,322,1,0,1,0
100,500,323,1,0,1,0
100,500,324,1,0,1,0
100,500,325,1,0,1,0
100,500,326,1,0,1,0
100,500,327,1,0,1,0
100,500,328,1,0,1,0
100,500,329,1,0,1,0
100,500,330,1,0,1,0
100,500,331,1,0,1,0
100,500,332,1,0,1,0
100,500,333,1,0,1,0
100,500,334,1,0,1,0
100,500,335,1,0,1,0
100,500,336,1,0,1,0
100,500,337,1,0,1,0
100,500,338,1,0,1,0
100,500,339,1,0,1,0
100,500,340,1,0,1,0
100,500,341,1,0,1,0
100,500,342,1,0,1,0
100,500,343,1,0,1,0
100,500,344,1,0,1,0
100,500,345,1,0,1,0
100,500,346,1,0,1,0
100,500,347,1,0,1,0
100,500,348,1,0,1,0
100,500,349,1,0,1,0
100,500,350,1,0,1,0
100,500,351,1,0,1,0
100,500,352,1,0,1,0
100,500,353,1,0,1,0
100,500,354,1,0,1,0
100,500,355,1,0,1,0
100,500,356,1,0,1,0
100,500,357,1,0,1,0
100,500,358,1,0,1,0
100,500,359,1,0,1,0
100,500,360,1,0,1,0
100,500,361,1,0,1,0
100,500,362,1,0,1,0
100,500,363,1,0,1,0
100,500,364,1,0,1,0
100,500,365,1,0,1,0
100,500,366,1,0,1,0
100,500,367,1,0,1,0
100,500,368,1,0,1,0
100,500,369,1,0,1,0
100,500,370,1,0,1,0
100,500,371,1,0,1,0
100,500,372,1,0,1,0
100,500,373,1,0,1,0
100,500,374,1,0,1,0
100,500,375,1,0,1,0
100,500,376,1,0,1,0
100,500,377,1,0,1,0
100,500,378,1,0,1,0
100,500,379,1,0,1,0
100,500,380,1,0,1,0
100,500,381,1,0,1,0
100,500,382,1,0,1,0
100,500,383,1,0,1,0
100,500,384,1,0,1,0
100,500,385,1,0,1,0
100,500,386,1,0,1,0
100,500,387,1,0,1,0
100,500,388,1,0,1,0
100,500,389,1,0,1,0
100,500,390,1,0,1,0
100,500,391,1,0,1,0
100,500,392,1,0,1,0
100,500,393,1,0,1,0
100,500,394,1,0,1,0
100,500,395,1,0,1,0
100,500,396,1,0,1,0
100,500,397,1,0,1,0
100,500,398,1,0,1,0
100,500,399,1,0,1,0
100,500,400,1,0,1,0
100,500,401,1,0,1,0
100,500,402,1,0,1,0
100,500,403,1,0,1,0
100,500,404,1,0,1,0
100,500,405,1,0,1,0
100,500,406,1,0,1,0
100,500,407,1,0,1,0
100,500,408,1,0,1,0
100,500,409,1,0,1,0
100,500,410,1,0,1,0
100,500,411,1,0,1,0
100,500,412,1,0,1,0
100,500,413,1,0,1,0
100,500,414,1,0,1,0
100,500,415,1,0,1,0
100,500,416,1,0,1,0
100,500,417,1,0,1,0
100,500,418,1,0,1,0
100,500,419,1,0,1,0
100,500,420,1,0,1,0
100,500,421,1,0,1,0
100,500,422,1,0,1,0
100,500,423,1,0,1,0
100,500,424,1,0,1,0
100,500,425,1,0,1,0
100,500,426,1,0,1,0
100,500,427,1,0,1,0
100,500,428,1,0,1,0
100,500,429,1,0,1,0
100,500,430,1,0,1,0
100,500,431,1,0,1,0
100,500,432,1,0,1,0
100,500,433,1,0,1,0
100,500,434,1,0,1,0
100,500,435,1,0,1,0
100,500,436,1,0,1,0
100,500,437,1,0,1,0
100,500,438,1,0,1,0
100,500,439,1,0,1,0
100,500,440,1,0,1,0
100,500,441,1,0,1,0
100,500,442,1,0,1,0
100,500,443,1,0,1,0
100,500,444,1,0,1,0
100,500,445,1,0,1,0
100,500,446,1,0,1,0
100,500,447,1,0,1,0
100,500,448,1,0,1,0
100,500,449,1,0,1,0
100,500,450,1,0,1,0
100,500,451,1,0,1,0
100,500,452,1,0,1,0
100,500,453,1,0,1,0
100,500,454,1,0,1,0
100,500,455,1,0,1,0
100,500,456,1,0,1,0
100,500,457,1,0,1,0
100,500,458,1,0,1,0
100,500,459,1,0,1,0
100,500,460,1,0,1,0
100,500,461,1,0,1,0
100,500,462,1,0,1,0
100,500,463,1,0,0,1
100,500,464,1,0,1,0
100,500,465,1,0,1,0
100,500,466,1,0,1,0
100,500,467,1,0,1,0
100,500,468,1,0,1,0
100,500,469,1,0,1,0
100,500,470,1,0,1,0
100,500,471,1,0,1,0
100,500,472,1,0,1,0
100,500,473,1,0,1,0
100,500,474,1,0,1,0
100,500,475,1,0,1,0
100,500,476,1,0,1,0
100,500,477,1,0,1,0
100,500,478,1,0,1,0
100,500,479,1,0,1,0
100,500,480,1,0,1,0
100,500,481,1,0,1,0
100,500,482,1,0,1,0
100,500,483,1,0,1,0
100,500,484,1,0,1,0
100,500,485,1,0,1,0
100,500,486,1,0,1,0
100,500,487,1,0,1,0
100,500,488,1,0,1,0
100,500,489,1,0,1,0
100,500,490,1,0,1,0
100,500,491,1,0,1,0
100,500,492,1,0,1,0
100,500,493,1,0,1,0
100,500,494,1,0,1,0
100,500,495,1,0,1,0
100,500,496,1,0,1,0
100,500,497,1,0,1,0
100,500,498,1,0,1,0
100,500,499,1,0,1,0
100,1000,0,1,0,1,0
100,1000,1,1,0,1,0
100,1000,2,1,0,1,0
100,1000,3,1,0,1,0
100,1000,4,1,0,1,0
100,1000,5,1,0,1,0
100,1000,6,1,0,1,0
100,1000,7,1,0,1,0
100,1000,8,1,0,1,0
100,1000,9,1,0,1,0
100,1000,10,1,0,1,0
100,1000,11,1,0,1,0
100,1000,12,1,0,1,0
100,1000,13,1,0,1,0
100,1000,14,1,0,1,0
100,1000,15,1,0,1,0
100,1000,16,1,0,1,0
100,1000,17,1,0,1,0
100,1000,18,1,0,1,0
100,1000,19,1,0,1,0
100,1000,20,1,0,1,0
100,1000,21,1,0,1,0
100,1000,22,1,0,1,0
100,1000,23,1,0,1,0
100,1000,24,1,0,1,0
100,1000,25,1,0,1,0
100,1000,26,1,0,1,0
100,1000,27,1,0,1,0
100,1000,28,1,0,1,0
100,1000,29,1,0,1,0
100,1000,30,1,0,1,0
100,1000,31,1,0,1,0
100,1000,32,1,0,1,0
100,1000,33,1,0,1,0
100,1000,34,1,0,1,0
100,1000,35,1,0,1,0
100,1000,36,1,0,1,0
100,1000,37,1,0,1,0
100,1000,38,1,0,1,0
100,1000,39,1,0,1,0
100,1000,40,1,0,1,0
100,1000,41,1,0,1,0
100,1000,42,1,0,1,0
100,1000,43,1,0,1,0
100,1000,44,1,0,1,0
100,1000,45,1,0,1,0
100,1000,46,1,0,1,0
100,1000,47,1,0,1,0
100,1000,48,1,0,1,0
100,1000,49,1,0,1,0
100,1000,50,1,0,1,0
100,1000,51,1,0,1,0
100,1000,52,1,0,1,0
100,1000,53,1,0,1,0
100,1000,54,1,0,1,0
100,1000,55,1,0,1,0
100,1000,56,1,0,1,0
100,1000,57,1,0,1,0
100,1000,58,1,0,1,0
100,1000,59,1,0,1,0
100,1000,60,1,0,1,0
100,1000,61,1,0,1,0
100,1000,62,1,0,1,0
100,1000,63,1,0,1,0
100,1000,64,1,0,1,0
100,1000,65,1,0,1,0
100,1000,66,1,0,1,0
100,1000,67,1,0,1,0
100,1000,68,1,0,1,0
100,1000,69,1,0,1,0
100,1000,70,1,0,1,0
100,1000,71,1,0,1,0
100,1000,72,1,0,1,0
100,1000,73,1,0,1,0
100,1000,74,1,0,1,0
100,1000,75,1,0,1,0
100,1000,76,1,0,1,0
100,1000,77,1,0,1,0
100,1000,78,1,0,1,0
100,1000,79,1,0,1,0
100,1000,80,1,0,1,0
100,1000,81,1,0,1,0
100,1000,82,1,0,1,0
100,1000,83,1,0,1,0
100,1000,84,1,0,1,0
100,1000,85,1,0,1,0
100,1000,86,1,0,1,0
100,1000,87,1,0,1,0
100,1000,88,1,0,1,0
100,1000,89,1,0,1,0
100,1000,90,1,0,1,0
100,1000,91,1,0,1,0
100,1000,92,1,0,1,0
100,1000,93,1,0,1,0
100,1000,94,1,0,1,0
100,1000,95,1,0,1,0
100,1000,96,1,0,1,0
100,1000,97,1,0,1,0
100,1000,98,1,0,1,0
100,1000,99,1,0,1,0
100,1000,100,1,0,1,0
100,1000,101,1,0,1,0
100,1000,102,1,0,1,0
100,1000,103,1,0,1,0
100,1000,104,1,0,1,0
100,1000,105,1,0,1,0
100,1000,106,1,0,1,0
100,1000,107,1,0,1,0
100,1000,108,1,0,1,0
100,1000,109,1,0,1,0
100,1000,110,1,0,1,0
100,1000,111,1,0,1,0
100,1000,112,1,0,1,0
100,1000,113,1,0,1,0
100,1000,114,1,0,1,0
100,1000,115,1,0,1,0
100,1000,116,1,0,1,0
100,1000,117,1,0,1,0
100,1000,118,1,0,1,0
100,1000,119,1,0,1,0
100,1000,120,1,0,1,0
100,1000,121,1,0,1,0
100,1000,122,1,0,1,0
100,1000,123,1,0,1,0
100,1000,124,1,0,1,0
100,1000,125,1,0,1,0
100,1000,126,1,0,1,0
100,1000,127,1,0,1,0
100,1000,128,1,0,1,0
100,1000,129,1,0,1,0
100,1000,130,1,0,1,0
100,1000,131,1,0,1,0
100,1000,132,1,0,1,0
100,1000,133,1,0,1,0
100,1000,134,1,0,1,0
100,1000,135,1,0,1,0
100,1000,136,1,0,1,0
100,1000,137,1,0,1,0
100,1000,138,1,0,1,0
100,1000,139,1,0,1,0
100,1000,140,1,0,1,0
100,1000,141,1,0,1,0
100,1000,142,1,0,1,0
100,1000,143,1,0,1,0
100,1000,144,1,0,1,0
100,1000,145,1,0,1,0
100,1000,146,1,0,1,0
100,1000,147,1,0,1,0
100,1000,148,1,0,1,0
100,1000,149,1,0,1,0
100,1000,150,1,0,1,0
100,1000,151,1,0,1,0
100,1000,152,1,0,1,0
100,1000,153,1,0,1,0
100,1000,154,1,0,1,0
100,1000,155,1,0,1,0
100,1000,156,1,0,1,0
100,1000,157,1,0,1,0
100,1000,158,1,0,1,0
100,1000,159,1,0,1,0
100,1000,160,1,0,1,0
100,1000,161,1,0,1,0
100,1000,162,1,0,1,0
100,1000,163,1,0,1,0
100,1000,164,1,0,1,0
100,1000,165,1,0,1,0
100,1000,166,1,0,1,0
100,1000,167,1,0,1,0
100,1000,168,1,0,1,0
100,1000,169,1,0,1,0
100,1000,170,1,0,1,0
100,1000,171,1,0,1,0
100,1000,172,1,0,1,0
100,1000,173,1,0,1,0
100,1000,174,1,0,1,0
100,1000,175,1,0,1,0
100,1000,176,1,0,1,0
100,1000,177,1,0,1,0
100,1000,178,1,0,1,0
100,1000,179,1,0,1,0
100,1000,180,1,0,1,0
100,1000,181,1,0,1,0
100,1000,182,1,0,1,0
100,1000,183,1,0,1,0
100,1000,184,1,0,1,0
100,1000,185,1,0,1,0
100,1000,186,1,0,1,0
100,1000,187,1,0,1,0
100,1000,188,1,0,1,0
100,1000,189,1,0,1,0
100,1000,190,1,0,1,0
100,1000,191,1,0,1,0
100,1000,192,1,0,1,0
100,1000,193,1,0,1,0
100,1000,194,1,0,1,0
100,1000,195,1,0,1,0
100,1000,196,1,0,1,0
100,1000,197,1,0,1,0
100,1000,198,1,0,1,0
100,1000,199,1,0,1,0
100,1000,200,1,0,1,0
100,1000,201,1,0,1,0
100,1000,202,1,0,1,0
100,1000,203,1,0,1,0
100,1000,204,1,0,1,0
100,1000,205,1,0,1,0
100,1000,206,1,0,1,0
100,1000,207,1,0,1,0
100,1000,208,1,0,1,0
100,1000,209,1,0,1,0
100,1000,210,1,0,1,0
100,1000,211,1,0,1,0
100,1000,212,1,0,1,0
100,1000,213,1,0,1,0
100,1000,214,1,0,1,0
100,1000,215,1,0,1,0
100,1000,216,1,0,1,0
100,1000,217,1,0,1,0
100,1000,218,1,0,1,0
100,1000,219,1,0,1,0
100,1000,220,1,0,1,0
100,1000,221,1,0,1,0
100,1000,222,1,0,1,0
100,1000,223,1,0,0,1
100,1000,224,1,0,1,0
100,1000,225,1,0,1,0
100,1000,226,1,0,1,0
100,1000,227,1,0,1,0
100,1000,228,1,0,1,0
100,1000,229,1,0,1,0
100,1000,230,1,0,1,0
100,1000,231,1,0,1,0
100,1000,232,1,0,1,0
100,1000,233,1,0,1,0
100,1000,234,1,0,1,0
100,1000,235,1,0,1,0
100,1000,236,1,0,1,0
100,1000,237,1,0,1,0
100,1000,238,1,0,1,0
100,1000,239,1,0,1,0
100,1000,240,1,0,1,0
100,1000,241,1,0,1,0
100,1000,242,1,0,1,0
100,1000,243,1,0,1,0
100,1000,244,1,0,1,0
100,1000,245,1,0,1,0
100,1000,246,1,0,1,0
100,1000,247,1,0,1,0
100,1000,248,1,0,1,0
100,1000,249,1,0,1,0
100,1000,250,1,0,1,0
100,1000,251,1,0,1,0
100,1000,252,1,0,1,0
100,1000,253,1,0,1,0
100,1000,254,1,0,1,0
100,1000,255,1,0,1,0
100,1000,256,1,0,1,0
100,1000,257,1,0,1,0
100,1000,258,1,0,1,0
100,1000,259,1,0,1,0
100,1000,260,1,0,1,0
100,1000,261,1,0,1,0
100,1000,262,1,0,1,0
100,1000,263,1,0,1,0
100,1000,264,1,0,1,0
100,1000,265,1,0,1,0
100,1000,266,1,0,1,0
100,1000,267,1,0,1,0
100,1000,268,1,0,1,0
100,1000,269,1,0,1,0
100,1000,270,1,0,1,0
100,1000,271,1,0,1,0
100,1000,272,1,0,1,0
100,1000,273,1,0,1,0
100,1000,274,1,0,1,0
100,1000,275,1,0,1,0
100,1000,276,1,0,1,0
100,1000,277,1,0,1,0
100,1000,278,1,0,1,0
100,1000,279,1,0,1,0
100,1000,280,1,0,1,0
100,1000,281,1,0,1,0
100,1000,282,1,0,1,0
100,1000,283,1,0,1,0
100,1000,284,1,0,1,0
100,1000,285,1,0,1,0
100,1000,286,1,0,1,0
100,1000,287,1,0,1,0
100,1000,288,1,0,1,0
100,1000,289,1,0,1,0
100,1000,290,1,0,1,0
100,1000,291,1,0,1,0
100,1000,292,1,0,1,0
100,1000,293,1,0,1,0
100,1000,294,1,0,1,0
100,1000,295,1,0,1,0
100,1000,296,1,0,1,0
100,1000,297,1,0,1,0
100,1000,298,1,0,1,0
100,1000,299,1,0,1,0
100,1000,300,1,0,1,0
100,1000,301,1,0,1,0
100,1000,302,1,0,1,0
100,1000,303,1,0,1,0
100,1000,304,1,0,1,0
100,1000,305,1,0,1,0
100,1000,306,1,0,1,0
100,1000,307,1,0,1,0
100,1000,308,1,0,1,0
100,1000,309,1,0,1,0
100,1000,310,1,0,1,0
100,1000,311,1,0,1,0
100,1000,312,1,0,1,0
100,1000,313,1,0,1,0
100,1000,314,1,0,1,0
100,1000,315,1,0,1,0
100,1000,316,1,0,1,0
100,1000,317,1,0,1,0
100,1000,318,1,0,1,0
100,1000,319,1,0,1,0
100,1000,320,1,0,1,0
100,1000,321,1,0,1,0
100,1000,322,1,0,1,0
100,1000,323,1,0,1,0
100,1000,324,1,0,1,0
100,1000,325,1,0,1,0
100,1000,326,1,0,1,0
100,1000,327,1,0,1,0
100,1000,328,1,0,1,0
100,1000,329,1,0,1,0
100,1000,330,1,0,1,0
100,1000,331,1,0,1,0
100,1000,332,1,0,1,0
100,1000,333,1,0,1,0
100,1000,334,1,0,1,0
100,1000,335,1,0,1,0
100,1000,336,1,0,1,0
100,1000,337,1,0,1,0
100,1000,338,1,0,1,0
100,1000,339,1,0,1,0
100,1000,340,1,0,0,1
100,1000,341,1,0,1,0
100,1000,342,1,0,1,0
100,1000,343,1,0,1,0
100,1000,344,1,0,1,0
100,1000,345,1,0,1,0
100,1000,346,1,0,1,0
100,1000,347,1,0,1,0
100,1000,348,1,0,1,0
100,1000,349,1,0,1,0
100,1000,350,1,0,1,0
100,1000,351,1,0,1,0
100,1000,352,1,0,1,0
100,1000,353,1,0,1,0
100,1000,354,1,0,1,0
100,1000,355,1,0,1,0
100,1000,356,1,0,1,0
100,1000,357,1,0,1,0
100,1000,358,1,0,1,0
100,1000,359,1,0,1,0
100,1000,360,1,0,1,0
100,1000,361,1,0,1,0
100,1000,362,1,0,1,0
100,1000,363,1,0,1,0
100,1000,364,1,0,1,0
100,1000,365,1,0,1,0
100,1000,366,1,0,1,0
100,1000,367,1,0,1,0
100,1000,368,1,0,1,0
100,1000,369,1,0,1,0
100,1000,370,1,0,1,0
100,1000,371,1,0,1,0
100,1000,372,1,0,1,0
100,1000,373,1,0,1,0
100,1000,374,1,0,1,0
100,1000,375,1,0,1,0
100,1000,376,1,0,1,0
100,1000,377,1,0,1,0
100,1000,378,1,0,1,0
100,1000,379,1,0,1,0
100,1000,380,1,0,1,0
100,1000,381,1,0,1,0
100,1000,382,1,0,1,0
100,1000,383,1,0,1,0
100,1000,384,1,0,1,0
100,1000,385,1,0,1,0
100,1000,386,1,0,1,0
100,1000,387,1,0,1,0
100,1000,388,1,0,1,0
100,1000,389,1,0,1,0
100,1000,390,1,0,1,0
100,1000,391,1,0,1,0
100,1000,392,1,0,1,0
100,1000,393,1,0,1,0
100,1000,394,1,0,1,0
100,1000,395,1,0,1,0
100,1000,396,1,0,1,0
100,1000,397,1,0,1,0
100,1000,398,1,0,1,0
100,1000,399,1,0,1,0
100,1000,400,1,0,1,0
100,1000,401,1,0,1,0
100,1000,402,1,0,1,0
100,1000,403,1,0,1,0
100,1000,404,1,0,1,0
100,1000,405,1,0,1,0
100,1000,406,1,0,1,0
100,1000,407,1,0,1,0
100,1000,408,1,0,1,0
100,1000,409,1,0,1,0
100,1000,410,1,0,1,0
100,1000,411,1,0,1,0
100,1000,412,1,0,1,0
100,1000,413,1,0,1,0
100,1000,414,1,0,1,0
100,1000,415,1,0,1,0
100,1000,416,1,0,1,0
100,1000,417,1,0,1,0
100,1000,418,1,0,1,0
100,1000,419,1,0,1,0
100,1000,420,1,0,1,0
100,1000,421,1,0,1,0
100,1000,422,1,0,1,0
100,1000,423,1,0,1,0
100,1000,424,1,0,1,0
100,1000,425,1,0,1,0
100,1000,426,1,0,1,0
100,1000,427,1,0,1,0
100,1000,428,1,0,1,0
100,1000,429,1,0,1,0
100,1000,430,1,0,1,0
100,1000,431,1,0,1,0
100,1000,432,1,0,1,0
100,1000,433,1,0,1,0
100,1000,434,1,0,1,0
100,1000,435,1,0,1,0
100,1000,436,1,0,1,0
100,1000,437,1,0,1,0
100,1000,438,1,0,1,0
100,1000,439,1,0,1,0
100,1000,440,1,0,1,0
100,1000,441,1,0,1,0
100,1000,442,1,0,1,0
100,1000,443,1,0,1,0
100,1000,444,1,0,1,0
100,1000,445,1,0,1,0
100,1000,446,1,0,1,0
100,1000,447,1,0,1,0
100,1000,448,1,0,1,0
100,1000,449,1,0,1,0
100,1000,450,1,0,1,0
100,1000,451,1,0,1,0
100,1000,452,1,0,1,0
100,1000,453,1,0,1,0
100,1000,454,1,0,1,0
100,1000,455,1,0,1,0
100,1000,456,1,0,1,0
100,1000,457,1,0,1,0
100,1000,458,1,0,1,0
100,1000,459,1,0,1,0
100,1000,460,1,0,1,0
100,1000,461,1,0,1,0
100,1000,462,1,0,1,0
100,1000,463,1,0,1,0
100,1000,464,1,0,1,0
100,1000,465,1,0,1,0
100,1000,466,1,0,1,0
100,1000,467,1,0,1,0
100,1000,468,1,0,1,0
100,1000,469,1,0,1,0
100,1000,470,1,0,1,0
100,1000,471,1,0,1,0
100,1000,472,1,0,1,0
100,1000,473,1,0,1,0
100,1000,474,1,0,1,0
100,1000,475,1,0,1,0
100,1000,476,1,0,1,0
100,1000,477,1,0,1,0
100,1000,478,1,0,1,0
100,1000,479,1,0,1,0
100,1000,480,1,0,1,0
100,1000,481,1,0,1,0
100,1000,482,1,0,1,0
100,1000,483,1,0,1,0
100,1000,484,1,0,1,0
100,1000,485,1,0,1,0
100,1000,486,1,0,1,0
100,1000,487,1,0,1,0
100,1000,488,1,0,1,0
100,1000,489,1,0,1,0
100,1000,490,1,0,1,0
100,1000,491,1,0,1,0
100,1000,492,1,0,1,0
100,1000,493,1,0,1,0
100,1000,494,1,0,1,0
100,1000,495,1,0,1,0
100,1000,496,1,0,1,0
100,1000,497,1,0,1,0
100,1000,498,1,0,1,0
100,1000,499,1,0,1,0
100,1500,0,1,0,1,0
100,1500,1,1,0,1,0
100,1500,2,1,0,1,0
100,1500,3,1,0,1,0
100,1500,4,1,0,1,0
100,1500,5,1,0,1,0
100,1500,6,1,0,1,0
100,1500,7,1,0,1,0
100,1500,8,1,0,1,0
100,1500,9,1,0,1,0
100,1500,10,1,0,1,0
100,1500,11,1,0,1,0
100,1500,12,1,0,1,0
100,1500,13,1,0,1,0
100,1500,14,1,0,1,0
100,1500,15,1,0,1,0
100,1500,16,1,0,1,0
100,1500,17,1,0,1,0
100,1500,18,1,0,1,0
100,1500,19,1,0,1,0
100,1500,20,1,0,1,0
100,1500,21,1,0,1,0
100,1500,22,1,0,1,0
100,1500,23,1,0,1,0
100,1500,24,1,0,1,0
100,1500,25,1,0,1,0
100,1500,26,1,0,1,0
100,1500,27,1,0,1,0
100,1500,28,1,0,1,0
100,1500,29,1,0,1,0
100,1500,30,1,0,1,0
100,1500,31,1,0,1,0
100,1500,32,1,0,1,0
100,1500,33,1,0,1,0
100,1500,34,1,0,1,0
100,1500,35,1,0,1,0
100,1500,36,1,0,1,0
100,1500,37,1,0,1,0
100,1500,38,1,0,1,0
100,1500,39,1,0,1,0
100,1500,40,1,0,1,0
100,1500,41,1,0,1,0
100,1500,42,1,0,1,0
100,1500,43,1,0,1,0
100,1500,44,1,0,1,0
100,1500,45,1,0,1,0
100,1500,46,1,0,1,0
100,1500,47,1,0,1,0
100,1500,48,1,0,1,0
100,1500,49,1,0,1,0
100,1500,50,1,0,1,0
100,1500,51,1,0,1,0
100,1500,52,1,0,1,0
100,1500,53,1,0,1,0
100,1500,54,1,0,1,0
100,1500,55,1,0,1,0
100,1500,56,1,0,1,0
100,1500,57,1,0,1,0
100,1500,58,1,0,1,0
100,1500,59,1,0,1,0
100,1500,60,1,0,1,0
100,1500,61,1,0,1,0
100,1500,62,1,0,1,0
100,1500,63,1,0,1,0
100,1500,64,1,0,1,0
100,1500,65,1,0,1,0
100,1500,66,1,0,1,0
100,1500,67,1,0,1,0
100,1500,68,1,0,1,0
100,1500,69,1,0,1,0
100,1500,70,1,0,1,0
100,1500,71,1,0,1,0
100,1500,72,1,0,1,0
100,1500,73,1,0,1,0
100,1500,74,1,0,1,0
100,1500,75,1,0,1,0
100,1500,76,1,0,1,0
100,1500,77,1,0,1,0
100,1500,78,1,0,1,0
100,1500,79,1,0,1,0
100,1500,80,1,0,1,0
100,1500,81,1,0,1,0
100,1500,82,1,0,1,0
100,1500,83,1,0,1,0
100,1500,84,1,0,1,0
100,1500,85,1,0,1,0
100,1500,86,1,0,1,0
100,1500,87,1,0,1,0
100,1500,88,1,0,1,0
100,1500,89,1,0,1,0
100,1500,90,1,0,1,0
100,1500,91,1,0,1,0
100,1500,92,1,0,1,0
100,1500,93,1,0,1,0
100,1500,94,1,0,1,0
100,1500,95,1,0,1,0
100,1500,96,1,0,1,0
100,1500,97,1,0,1,0
100,1500,98,1,0,1,0
100,1500,99,1,0,1,0
100,1500,100,1,0,1,0
100,1500,101,1,0,1,0
100,1500,102,1,0,1,0
100,1500,103,1,0,1,0
100,1500,104,1,0,1,0
100,1500,105,1,0,1,0
100,1500,106,1,0,1,0
100,1500,107,1,0,1,0
100,1500,108,1,0,1,0
100,1500,109,1,0,1,0
100,1500,110,1,0,1,0
100,1500,111,1,0,1,0
100,1500,112,1,0,1,0
100,1500,113,1,0,1,0
100,1500,114,1,0,1,0
100,1500,115,1,0,1,0
100,1500,116,1,0,1,0
100,1500,117,1,0,1,0
100,1500,118,1,0,1,0
100,1500,119,1,0,1,0
100,1500,120,1,0,1,0
100,1500,121,1,0,1,0
100,1500,122,1,0,1,0
100,1500,123,1,0,1,0
100,1500,124,1,0,1,0
100,1500,125,1,0,1,0
100,1500,126,1,0,1,0
100,1500,127,1,0,1,0
100,1500,128,1,0,1,0
100,1500,129,1,0,1,0
100,1500,130,1,0,1,0
100,1500,131,1,0,1,0
100,1500,132,1,0,1,0
100,1500,133,1,0,1,0
100,1500,134,1,0,1,0
100,1500,135,1,0,1,0
100,1500,136,1,0,1,0
100,1500,137,1,0,1,0
100,1500,138,1,0,1,0
100,1500,139,1,0,1,0
100,1500,140,1,0,1,0
100,1500,141,1,0,1,0
100,1500,142,1,0,1,0
100,1500,143,1,0,1,0
100,1500,144,1,0,1,0
100,1500,145,1,0,1,0
100,1500,146,1,0,1,0
100,1500,147,1,0,1,0
100,1500,148,1,0,1,0
100,1500,149,1,0,1,0
100,1500,150,1,0,1,0
100,1500,151,1,0,1,0
100,1500,152,1,0,1,0
100,1500,153,1,0,1,0
100,1500,154,1,0,1,0
100,1500,155,1,0,1,0
100,1500,156,1,0,1,0
100,1500,157,1,0,1,0
100,1500,158,1,0,1,0
100,1500,159,1,0,1,0
100,1500,160,1,0,0,1
100,1500,161,1,0,1,0
100,1500,162,1,0,1,0
100,1500,163,1,0,1,0
100,1500,164,1,0,1,0
100,1500,165,1,0,1,0
100,1500,166,1,0,1,0
100,1500,167,1,0,1,0
100,1500,168,1,0,1,0
100,1500,169,1,0,1,0
100,1500,170,1,0,1,0
100,1500,171,1,0,1,0
100,1500,172,1,0,1,0
100,1500,173,1,0,1,0
100,1500,174,1,0,1,0
100,1500,175,1,0,1,0
100,1500,176,1,0,1,0
100,1500,177,1,0,1,0
100,1500,178,1,0,1,0
100,1500,179,1,0,1,0
100,1500,180,1,0,1,0
100,1500,181,1,0,1,0
100,1500,182,1,0,1,0
100,1500,183,1,0,1,0
100,1500,184,1,0,1,0
100,1500,185,1,0,1,0
100,1500,186,1,0,1,0
100,1500,187,1,0,1,0
100,1500,188,1,0,1,0
100,1500,189,1,0,1,0
100,1500,190,1,0,1,0
100,1500,191,1,0,1,0
100,1500,192,1,0,1,0
100,1500,193,1,0,1,0
100,1500,194,1,0,1,0
100,1500,195,1,0,1,0
100,1500,196,1,0,1,0
100,1500,197,1,0,1,0
100,1500,198,1,0,1,0
100,1500,199,1,0,1,0
100,1500,200,1,0,1,0
100,1500,201,1,0,1,0
100,1500,202,1,0,1,0
100,1500,203,1,0,1,0
100,1500,204,1,0,1,0
100,1500,205,1,0,1,0
100,1500,206,1,0,1,0
100,1500,207,1,0,1,0
100,1500,208,1,0,1,0
100,1500,209,1,0,1,0
100,1500,210,1,0,1,0
100,1500,211,1,0,1,0
100,1500,212,1,0,1,0
100,1500,213,1,0,1,0
100,1500,214,1,0,1,0
100,1500,215,1,0,1,0
100,1500,216,1,0,1,0
100,1500,217,1,0,1,0
100,1500,218,1,0,1,0
100,1500,219,1,0,1,0
100,1500,220,1,0,1,0
100,1500,221,1,0,1,0
100,1500,222,1,0,1,0
100,1500,223,1,0,1,0
100,1500,224,1,0,1,0
100,1500,225,1,0,1,0
100,1500,226,1,0,1,0
100,1500,227,1,0,1,0
100,1500,228,1,0,1,0
100,1500,229,1,0,1,0
100,1500,230,1,0,1,0
100,1500,231,1,0,1,0
100,1500,232,1,0,1,0
100,1500,233,1,0,1,0
100,1500,234,1,0,1,0
100,1500,235,1,0,1,0
100,1500,236,1,0,1,0
100,1500,237,1,0,1,0
100,1500,238,1,0,1,0
100,1500,239,1,0,1,0
100,1500,240,1,0,1,0
100,1500,241,1,0,1,0
100,1500,242,1,0,1,0
100,1500,243,1,0,1,0
100,1500,244,1,0,1,0
100,1500,245,1,0,1,0
100,1500,246,1,0,1,0
100,1500,247,1,0,1,0
100,1500,248,1,0,1,0
100,1500,249,1,0,1,0
100,1500,250,1,0,1,0
100,1500,251,1,0,1,0
100,1500,252,1,0,1,0
100,1500,253,1,0,1,0
100,1500,254,1,0,1,0
100,1500,255,1,0,1,0
100,1500,256,1,0,1,0
100,1500,257,1,0,1,0
100,1500,258,1,0,1,0
100,1500,259,1,0,1,0
100,1500,260,1,0,1,0
100,1500,261,1,0,1,0
100,1500,262,1,0,1,0
100,1500,263,1,0,1,0
100,1500,264,1,0,1,0
100,1500,265,1,0,1,0
100,1500,266,1,0,1,0
100,1500,267,1,0,1,0
100,1500,268,1,0,1,0
100,1500,269,1,0,1,0
100,1500,270,1,0,1,0
100,1500,271,1,0,1,0
100,1500,272,1,0,1,0
100,1500,273,1,0,1,0
100,1500,274,1,0,1,0
100,1500,275,1,0,1,0
100,1500,276,1,0,1,0
100,1500,277,1,0,1,0
100,1500,278,1,0,1,0
100,1500,279,1,0,1,0
100,1500,280,1,0,1,0
100,1500,281,1,0,1,0
100,1500,282,1,0,1,0
100,1500,283,1,0,1,0
100,1500,284,1,0,1,0
100,1500,285,1,0,1,0
100,1500,286,1,0,1,0
100,1500,287,1,0,1,0
100,1500,288,1,0,1,0
100,1500,289,1,0,1,0
100,1500,290,1,0,1,0
100,1500,291,1,0,1,0
100,1500,292,1,0,1,0
100,1500,293,1,0,1,0
100,1500,294,1,0,1,0
100,1500,295,1,0,0,1
100,1500,296,1,0,1,0
100,1500,297,1,0,1,0
100,1500,298,1,0,1,0
100,1500,299,1,0,1,0
100,1500,300,1,0,1,0
100,1500,301,1,0,1,0
100,1500,302,1,0,1,0
100,1500,303,1,0,1,0
100,1500,304,1,0,1,0
100,1500,305,1,0,1,0
100,1500,306,1,0,1,0
100,1500,307,1,0,1,0
100,1500,308,1,0,1,0
100,1500,309,1,0,1,0
100,1500,310,1,0,1,0
100,1500,311,1,0,1,0
100,1500,312,1,0,1,0
100,1500,313,1,0,1,0
100,1500,314,1,0,1,0
100,1500,315,1,0,1,0
100,1500,316,1,0,1,0
100,1500,317,1,0,1,0
100,1500,318,1,0,1,0
100,1500,319,1,0,1,0
100,1500,320,1,0,1,0
100,1500,321,1,0,1,0
100,1500,322,1,0,1,0
100,1500,323,1,0,1,0
100,1500,324,1,0,1,0
100,1500,325,1,0,1,0
100,1500,326,1,0,1,0
100,1500,327,1,0,1,0
100,1500,328,1,0,1,0
100,1500,329,1,0,1,0
100,1500,330,1,0,1,0
100,1500,331,1,0,1,0
100,1500,332,1,0,1,0
100,1500,333,1,0,1,0
100,1500,334,1,0,1,0
100,1500,335,1,0,1,0
100,1500,336,1,0,1,0
100,1500,337,1,0,1,0
100,1500,338,1,0,1,0
100,1500,339,1,0,1,0
100,1500,340,1,0,1,0
100,1500,341,1,0,1,0
100,1500,342,1,0,1,0
100,1500,343,1,0,1,0
100,1500,344,1,0,1,0
100,1500,345,1,0,1,0
100,1500,346,1,0,1,0
100,1500,347,1,0,1,0
100,1500,348,1,0,1,0
100,1500,349,1,0,1,0
100,1500,350,1,0,1,0
100,1500,351,1,0,1,0
100,1500,352,1,0,1,0
100,1500,353,1,0,1,0
100,1500,354,1,0,1,0
100,1500,355,1,0,1,0
100,1500,356,1,0,1,0
100,1500,357,1,0,1,0
100,1500,358,1,0,1,0
100,1500,359,1,0,1,0
100,1500,360,1,0,1,0
100,1500,361,1,0,1,0
100,1500,362,1,0,0,1
100,1500,363,1,0,1,0
100,1500,364,1,0,1,0
100,1500,365,1,0,1,0
100,1500,366,1,0,1,0
100,1500,367,1,0,1,0
100,1500,368,1,0,1,0
100,1500,369,1,0,1,0
100,1500,370,1,0,1,0
100,1500,371,1,0,1,0
100,1500,372,1,0,1,0
100,1500,373,1,0,1,0
100,1500,374,1,0,1,0
100,1500,375,1,0,1,0
100,1500,376,1,0,1,0
100,1500,377,1,0,1,0
100,1500,378,1,0,1,0
100,1500,379,1,0,1,0
100,1500,380,1,0,1,0
100,1500,381,1,0,1,0
100,1500,382,1,0,1,0
100,1500,383,1,0,1,0
100,1500,384,1,0,1,0
100,1500,385,1,0,1,0
100,1500,386,1,0,1,0
100,1500,387,1,0,1,0
100,1500,388,1,0,1,0
100,1500,389,1,0,1,0
100,1500,390,1,0,1,0
100,1500,391,1,0,1,0
100,1500,392,1,0,1,0
100,1500,393,1,0,1,0
100,1500,394,1,0,1,0
100,1500,395,1,0,1,0
100,1500,396,1,0,1,0
100,1500,397,1,0,1,0
100,1500,398,1,0,1,0
100,1500,399,1,0,1,0
100,1500,400,1,0,1,0
100,1500,401,1,0,1,0
100,1500,402,1,0,1,0
100,1500,403,1,0,1,0
100,1500,404,1,0,1,0
100,1500,405,1,0,1,0
100,1500,406,1,0,1,0
100,1500,407,1,0,1,0
100,1500,408,1,0,1,0
100,1500,409,1,0,1,0
100,1500,410,1,0,1,0
100,1500,411,1,0,1,0
100,1500,412,1,0,1,0
100,1500,413,1,0,1,0
100,1500,414,1,0,1,0
100,1500,415,1,0,1,0
100,1500,416,1,0,1,0
100,1500,417,1,0,1,0
100,1500,418,1,0,1,0
100,1500,419,1,0,1,0
100,1500,420,1,0,1,0
100,1500,421,1,0,1,0
100,1500,422,1,0,1,0
100,1500,423,1,0,1,0
100,1500,424,1,0,1,0
100,1500,425,1,0,1,0
100,1500,426,1,0,1,0
100,1500,427,1,0,1,0
100,1500,428,1,0,1,0
100,1500,429,1,0,1,0
100,1500,430,1,0,1,0
100,1500,431,1,0,1,0
100,1500,432,1,0,1,0
100,1500,433,1,0,1,0
100,1500,434,1,0,1,0
100,1500,435,1,0,1,0
100,1500,436,1,0,1,0
100,1500,437,1,0,1,0
100,1500,438,1,0,1,0
100,1500,439,1,0,1,0
100,1500,440,1,0,1,0
100,1500,441,1,0,1,0
100,1500,442,1,0,1,0
100,1500,443,1,0,1,0
100,1500,444,1,0,1,0
100,1500,445,1,0,1,0
100,1500,446,1,0,1,0
100,1500,447,1,0,1,0
100,1500,448,1,0,1,0
100,1500,449,1,0,1,0
100,1500,450,1,0,1,0
100,1500,451,1,0,1,0
100,1500,452,1,0,1,0
100,1500,453,1,0,1,0
100,1500,454,1,0,1,0
100,1500,455,1,0,1,0
100,1500,456,1,0,1,0
100,1500,457,1,0,1,0
100,1500,458,1,0,1,0
100,1500,459,1,0,1,0
100,1500,460,1,0,1,0
100,1500,461,1,0,1,0
100,1500,462,1,0,1,0
100,1500,463,1,0,1,0
100,1500,464,1,0,1,0
100,1500,465,1,0,1,0
100,1500,466,1,0,1,0
100,1500,467,1,0,1,0
100,1500,468,1,0,1,0
100,1500,469,1,0,1,0
100,1500,470,1,0,1,0
100,1500,471,1,0,1,0
100,1500,472,1,0,1,0
100,1500,473,1,0,1,0
100,1500,474,1,0,1,0
100,1500,475,1,0,1,0
100,1500,476,1,0,1,0
100,1500,477,1,0,1,0
100,1500,478,1,0,1,0
100,1500,479,1,0,1,0
100,1500,480,1,0,1,0
100,1500,481,1,0,1,0
100,1500,482,1,0,1,0
100,1500,483,1,0,1,0
100,1500,484,1,0,1,0
100,1500,485,1,0,1,0
100,1500,486,1,0,1,0
100,1500,487,1,0,1,0
100,1500,488,1,0,1,0
100,1500,489,1,0,1,0
100,1500,490,1,0,1,0
100,1500,491,1,0,1,0
100,1500,492,1,0,1,0
100,1500,493,1,0,1,0
100,1500,494,1,0,1,0
100,1500,495,1,0,1,0
100,1500,496,1,0,1,0
100,1500,497,1,0,1,0
100,1500,498,1,0,1,0
100,1500,499,1,0,1,0
100,2000,0,1,0,1,0
100,2000,1,1,0,1,0
100,2000,2,1,0,1,0
100,2000,3,1,0,1,0
100,2000,4,1,0,1,0
100,2000,5,1,0,1,0
100,2000,6,1,0,1,0
100,2000,7,1,0,1,0
100,2000,8,1,0,1,0
100,2000,9,1,0,1,0
100,2000,10,1,0,1,0
100,2000,11,1,0,1,0
100,2000,12,1,0,1,0
100,2000,13,1,0,1,0
100,2000,14,1,0,1,0
100,2000,15,1,0,1,0
100,2000,16,1,0,1,0
100,2000,17,1,0,1,0
100,2000,18,1,0,1,0
100,2000,19,1,0,1,0
100,2000,20,1,0,1,0
100,2000,21,1,0,1,0
100,2000,22,1,0,1,0
100,2000,23,1,0,1,0
100,2000,24,1,0,1,0
100,2000,25,1,0,1,0
100,2000,26,1,0,1,0
100,2000,27,1,0,1,0
100,2000,28,1,0,1,0
100,2000,29,1,0,1,0
100,2000,30,1,0,1,0
100,2000,31,1,0,1,0
100,2000,32,1,0,1,0
100,2000,33,1,0,1,0
100,2000,34,1,0,1,0
100,2000,35,1,0,1,0
100,2000,36,1,0,1,0
100,2000,37,1,0,1,0
100,2000,38,1,0,1,0
100,2000,39,1,0,1,0
100,2000,40,1,0,1,0
100,2000,41,1,0,1,0
100,2000,42,1,0,1,0
100,2000,43,1,0,1,0
100,2000,44,1,0,1,0
100,2000,45,1,0,1,0
100,2000,46,1,0,1,0
100,2000,47,1,0,1,0
100,2000,48,1,0,1,0
100,2000,49,1,0,1,0
100,2000,50,1,0,1,0
100,2000,51,1,0,1,0
100,2000,52,1,0,1,0
100,2000,53,1,0,1,0
100,2000,54,1,0,1,0
100,2000,55,1,0,1,0
100,2000,56,1,0,1,0
100,2000,57,1,0,1,0
100,2000,58,1,0,1,0
100,2000,59,1,0,1,0
100,2000,60,1,0,1,0
100,2000,61,1,0,1,0
100,2000,62,1,0,1,0
100,2000,63,1,0,1,0
100,2000,64,1,0,1,0
100,2000,65,1,0,1,0
100,2000,66,1,0,1,0
100,2000,67,1,0,1,0
100,2000,68,1,0,1,0
100,2000,69,1,0,1,0
100,2000,70,1,0,1,0
100,2000,71,1,0,1,0
100,2000,72,1,0,1,0
100,2000,73,1,0,1,0
100,2000,74,1,0,1,0
100,2000,75,1,0,1,0
100,2000,76,1,0,1,0
100,2000,77,1,0,1,0
100,2000,78,1,0,1,0
100,2000,79,1,0,1,0
100,2000,80,1,0,1,0
100,2000,81,1,0,1,0
100,2000,82,1,0,1,0
100,2000,83,1,0,1,0
100,2000,84,1,0,1,0
100,2000,85,1,0,1,0
100,2000,86,1,0,1,0
100,2000,87,1,0,1,0
100,2000,88,1,0,1,0
100,2000,89,1,0,1,0
100,2000,90,1,0,1,0
100,2000,91,1,0,1,0
100,2000,92,1,0,1,0
100,2000,93,1,0,1,0
100,2000,94,1,0,1,0
100,2000,95,1,0,1,0
100,2000,96,1,0,1,0
100,2000,97,1,0,1,0
100,2000,98,1,0,1,0
100,2000,99,1,0,1,0
100,2000,100,1,0,1,0
100,2000,101,1,0,1,0
100,2000,102,1,0,1,0
100,2000,103,1,0,1,0
100,2000,104,1,0,1,0
100,2000,105,1,0,1,0
100,2000,106,1,0,1,0
100,2000,107,1,0,1,0
100,2000,108,1,0,1,0
100,2000,109,1,0,1,0
100,2000,110,1,0,1,0
100,2000,111,1,0,1,0
100,2000,112,1,0,1,0
100,2000,113,1,0,1,0
100,2000,114,1,0,1,0
100,2000,115,1,0,1,0
100,2000,116,1,0,1,0
100,2000,117,1,0,1,0
100,2000,118,1,0,1,0
100,2000,119,1,0,1,0
100,2000,120,1,0,1,0
100,2000,121,1,0,1,0
100,2000,122,1,0,1,0
100,2000,123,1,0,1,0
100,2000,124,1,0,1,0
100,2000,125,1,0,1,0
100,2000,126,1,0,1,0
100,2000,127,1,0,1,0
100,2000,128,1,0,1,0
100,2000,129,1,0,1,0
100,2000,130,1,0,1,0
100,2000,131,1,0,1,0
100,2000,132,1,0,1,0
100,2000,133,1,0,1,0
100,2000,134,1,0,1,0
100,2000,135,1,0,1,0
100,2000,136,1,0,1,0
100,2000,137,1,0,1,0
100,2000,138,1,0,1,0
100,2000,139,1,0,1,0
100,2000,140,1,0,1,0
100,2000,141,1,0,1,0
100,2000,142,1,0,1,0
100,2000,143,1,0,1,0
100,2000,144,1,0,1,0
100,2000,145,1,0,1,0
100,2000,146,1,0,1,0
100,2000,147,1,0,1,0
100,2000,148,1,0,1,0
100,2000,149,1,0,1,0
100,2000,150,1,0,1,0
100,2000,151,1,0,1,0
100,2000,152,1,0,1,0
100,2000,153,1,0,1,0
100,2000,154,1,0,1,0
100,2000,155,1,0,1,0
100,2000,156,1,0,1,0
100,2000,157,1,0,1,0
100,2000,158,1,0,1,0
100,2000,159,1,0,1,0
100,2000,160,1,0,1,0
100,2000,161,1,0,1,0
100,2000,162,1,0,1,0
100,2000,163,1,0,1,0
100,2000,164,1,0,1,0
100,2000,165,1,0,1,0
100,2000,166,1,0,1,0
100,2000,167,1,0,1,0
100,2000,168,1,0,1,0
100,2000,169,1,0,1,0
100,2000,170,1,0,1,0
100,2000,171,1,0,1,0
100,2000,172,1,0,1,0
100,2000,173,1,0,1,0
100,2000,174,1,0,1,0
100,2000,175,1,0,1,0
100,2000,176,1,0,1,0
100,2000,177,1,0,1,0
100,2000,178,1,0,1,0
100,2000,179,1,0,1,0
100,2000,180,1,0,1,0
100,2000,181,1,0,1,0
100,2000,182,1,0,1,0
100,2000,183,1,0,1,0
100,2000,184,1,0,1,0
100,2000,185,1,0,1,0
100,2000,186,1,0,1,0
100,2000,187,1,0,1,0
100,2000,188,1,0,1,0
100,2000,189,1,0,1,0
100,2000,190,1,0,1,0
100,2000,191,1,0,1,0
100,2000,192,1,0,1,0
100,2000,193,1,0,1,0
100,2000,194,1,0,1,0
100,2000,195,1,0,1,0
100,2000,196,1,0,1,0
100,2000,197,1,0,1,0
100,2000,198,1,0,1,0
100,2000,199,1,0,1,0
100,2000,200,1,0,1,0
100,2000,201,1,0,1,0
100,2000,202,1,0,1,0
100,2000,203,1,0,1,0
100,2000,204,1,0,1,0
100,2000,205,1,0,1,0
100,2000,206,1,0,1,0
100,2000,207,1,0,1,0
100,2000,208,1,0,1,0
100,2000,209,1,0,1,0
100,2000,210,1,0,1,0
100,2000,211,1,0,1,0
100,2000,212,1,0,1,0
100,2000,213,1,0,1,0
100,2000,214,1,0,1,0
100,2000,215,1,0,1,0
100,2000,216,1,0,1,0
100,2000,217,1,0,1,0
100,2000,218,1,0,1,0
100,2000,219,1,0,1,0
100,2000,220,1,0,1,0
100,2000,221,1,0,1,0
100,2000,222,1,0,1,0
100,2000,223,1,0,1,0
100,2000,224,1,0,1,0
100,2000,225,1,0,1,0
100,2000,226,1,0,1,0
100,2000,227,1,0,1,0
100,2000,228,1,0,1,0
100,2000,229,1,0,1,0
100,2000,230,1,0,1,0
100,2000,231,1,0,1,0
100,2000,232,1,0,1,0
100,2000,233,1,0,1,0
100,2000,234,1,0,1,0
100,2000,235,1,0,1,0
100,2000,236,1,0,1,0
100,2000,237,1,0,1,0
100,2000,238,1,0,1,0
100,2000,239,1,0,1,0
100,2000,240,1,0,1,0
100,2000,241,1,0,1,0
100,2000,242,1,0,1,0
100,2000,243,1,0,1,0
100,2000,244,1,0,1,0
100,2000,245,1,0,1,0
100,2000,246,1,0,1,0
100,2000,247,1,0,1,0
100,2000,248,1,0,1,0
100,2000,249,1,0,1,0
100,2000,250,1,0,1,0
100,2000,251,1,0,1,0
100,2000,252,1,0,1,0
100,2000,253,1,0,1,0
100,2000,254,1,0,1,0
100,2000,255,1,0,1,0
100,2000,256,1,0,1,0
100,2000,257,1,0,1,0
100,2000,258,1,0,1,0
100,2000,259,1,0,1,0
100,2000,260,1,0,1,0
100,2000,261,1,0,1,0
100,2000,262,1,0,1,0
100,2000,263,1,0,1,0
100,2000,264,1,0,1,0
100,2000,265,1,0,1,0
100,2000,266,1,0,1,0
100,2000,267,1,0,1,0
100,2000,268,1,0,1,0
100,2000,269,1,0,1,0
100,2000,270,1,0,1,0
100,2000,271,1,0,1,0
100,2000,272,1,0,1,0
100,2000,273,1,0,1,0
100,2000,274,1,0,1,0
100,2000,275,1,0,1,0
100,2000,276,1,0,1,0
100,2000,277,1,0,1,0
100,2000,278,1,0,1,0
100,2000,279,1,0,1,0
100,2000,280,1,0,1,0
100,2000,281,1,0,1,0
100,2000,282,1,0,1,0
100,2000,283,1,0,1,0
100,2000,284,1,0,1,0
100,2000,285,1,0,1,0
100,2000,286,1,0,1,0
100,2000,287,1,0,1,0
100,2000,288,1,0,1,0
100,2000,289,1,0,1,0
100,2000,290,1,0,1,0
100,2000,291,1,0,1,0
100,2000,292,1,0,1,0
100,2000,293,1,0,1,0
100,2000,294,1,0,1,0
100,2000,295,1,0,1,0
100,2000,296,1,0,1,0
100,2000,297,1,0,1,0
100,2000,298,1,0,1,0
100,2000,299,1,0,1,0
100,2000,300,1,0,1,0
100,2000,301,1,0,1,0
100,2000,302,1,0,1,0
100,2000,303,1,0,1,0
100,2000,304,1,0,1,0
100,2000,305,1,0,1,0
100,2000,306,1,0,1,0
100,2000,307,1,0,1,0
100,2000,308,1,0,1,0
100,2000,309,1,0,1,0
100,2000,310,1,0,1,0
100,2000,311,1,0,1,0
100,2000,312,1,0,1,0
100,2000,313,1,0,1,0
100,2000,314,1,0,1,0
100,2000,315,1,0,1,0
100,2000,316,1,0,1,0
100,2000,317,1,0,1,0
100,2000,318,1,0,1,0
100,2000,319,1,0,1,0
100,2000,320,1,0,1,0
100,2000,321,1,0,1,0
100,2000,322,1,0,1,0
100,2000,323,1,0,1,0
100,2000,324,1,0,1,0
100,2000,325,1,0,1,0
100,2000,326,1,0,1,0
100,2000,327,1,0,1,0
100,2000,328,1,0,1,0
100,2000,329,1,0,1,0
100,2000,330,1,0,1,0
100,2000,331,1,0,1,0
100,2000,332,1,0,1,0
100,2000,333,1,0,1,0
100,2000,334,1,0,1,0
100,2000,335,1,0,1,0
100,2000,336,1,0,1,0
100,2000,337,1,0,1,0
100,2000,338,1,0,1,0
100,2000,339,1,0,1,0
100,2000,340,1,0,1,0
100,2000,341,1,0,1,0
100,2000,342,1,0,1,0
100,2000,343,1,0,1,0
100,2000,344,1,0,1,0
100,2000,345,1,0,1,0
100,2000,346,1,0,1,0
100,2000,347,1,0,1,0
100,2000,348,1,0,1,0
100,2000,349,1,0,1,0
100,2000,350,1,0,1,0
100,2000,351,1,0,1,0
100,2000,352,1,0,1,0
100,2000,353,1,0,1,0
100,2000,354,1,0,1,0
100,2000,355,1,0,1,0
100,2000,356,1,0,1,0
100,2000,357,1,0,1,0
100,2000,358,1,0,1,0
100,2000,359,1,0,1,0
100,2000,360,1,0,1,0
100,2000,361,1,0,1,0
100,2000,362,1,0,1,0
100,2000,363,1,0,1,0
100,2000,364,1,0,1,0
100,2000,365,1,0,1,0
100,2000,366,1,0,1,0
100,2000,367,1,0,1,0
100,2000,368,1,0,1,0
100,2000,369,1,0,1,0
100,2000,370,1,0,1,0
100,2000,371,1,0,1,0
100,2000,372,1,0,1,0
100,2000,373,1,0,1,0
100,2000,374,1,0,1,0
100,2000,375,1,0,1,0
100,2000,376,1,0,1,0
100,2000,377,1,0,1,0
100,2000,378,1,0,1,0
100,2000,379,1,0,1,0
100,2000,380,1,0,1,0
100,2000,381,1,0,1,0
100,2000,382,1,0,1,0
100,2000,383,1,0,1,0
100,2000,384,1,0,1,0
100,2000,385,1,0,1,0
100,2000,386,1,0,1,0
100,2000,387,1,0,1,0
100,2000,388,1,0,1,0
100,2000,389,1,0,1,0
100,2000,390,1,0,1,0
100,2000,391,1,0,1,0
100,2000,392,1,0,1,0
100,2000,393,1,0,0,1
100,2000,394,1,0,1,0
100,2000,395,1,0,1,0
100,2000,396,1,0,1,0
100,2000,397,1,0,1,0
100,2000,398,1,0,1,0
100,2000,399,1,0,1,0
100,2000,400,1,0,1,0
100,2000,401,1,0,1,0
100,2000,402,1,0,1,0
100,2000,403,1,0,1,0
100,2000,404,1,0,1,0
100,2000,405,1,0,1,0
100,2000,406,1,0,1,0
100,2000,407,1,0,1,0
100,2000,408,1,0,1,0
100,2000,409,1,0,1,0
100,2000,410,1,0,1,0
100,2000,411,1,0,1,0
100,2000,412,1,0,1,0
100,2000,413,1,0,1,0
100,2000,414,1,0,1,0
100,2000,415,1,0,1,0
100,2000,416,1,0,1,0
100,2000,417,1,0,1,0
100,2000,418,1,0,1,0
100,2000,419,1,0,1,0
100,2000,420,1,0,1,0
100,2000,421,1,0,1,0
100,2000,422,1,0,1,0
100,2000,423,1,0,1,0
100,2000,424,1,0,1,0
100,2000,425,1,0,1,0
100,2000,426,1,0,1,0
100,2000,427,1,0,1,0
100,2000,428,1,0,1,0
100,2000,429,1,0,1,0
100,2000,430,1,0,1,0
100,2000,431,1,0,1,0
100,2000,432,1,0,1,0
100,2000,433,1,0,1,0
100,2000,434,1,0,1,0
100,2000,435,1,0,1,0
100,2000,436,1,0,1,0
100,2000,437,1,0,1,0
100,2000,438,1,0,1,0
100,2000,439,1,0,1,0
100,2000,440,1,0,1,0
100,2000,441,1,0,1,0
100,2000,442,1,0,1,0
100,2000,443,1,0,1,0
100,2000,444,1,0,1,0
100,2000,445,1,0,1,0
100,2000,446,1,0,1,0
100,2000,447,1,0,1,0
100,2000,448,1,0,1,0
100,2000,449,1,0,1,0
100,2000,450,1,0,1,0
100,2000,451,1,0,1,0
100,2000,452,1,0,1,0
100,2000,453,1,0,1,0
100,2000,454,1,0,1,0
100,2000,455,1,0,1,0
100,2000,456,1,0,1,0
100,2000,457,1,0,1,0
100,2000,458,1,0,1,0
100,2000,459,1,0,1,0
100,2000,460,1,0,1,0
100,2000,461,1,0,1,0
100,2000,462,1,0,1,0
100,2000,463,1,0,1,0
100,2000,464,1,0,1,0
100,2000,465,1,0,1,0
100,2000,466,1,0,1,0
100,2000,467,1,0,1,0
100,2000,468,1,0,1,0
100,2000,469,1,0,1,0
100,2000,470,1,0,1,0
100,2000,471,1,0,1,0
100,2000,472,1,0,1,0
100,2000,473,1,0,1,0
100,2000,474,1,0,1,0
100,2000,475,1,0,1,0
100,2000,476,1,0,1,0
100,2000,477,1,0,1,0
100,2000,478,1,0,1,0
100,2000,479,1,0,1,0
100,2000,480,1,0,1,0
100,2000,481,1,0,1,0
100,2000,482,1,0,1,0
100,2000,483,1,0,1,0
100,2000,484,1,0,1,0
100,2000,485,1,0,1,0
100,2000,486,1,0,1,0
100,2000,487,1,0,1,0
100,2000,488,1,0,1,0
100,2000,489,1,0,1,0
100,2000,490,1,0,1,0
100,2000,491,1,0,1,0
100,2000,492,1,0,1,0
100,2000,493,1,0,1,0
100,2000,494,1,0,1,0
100,2000,495,1,0,1,0
100,2000,496,1,0,1,0
100,2000,497,1,0,1,0
100,2000,498,1,0,1,0
100,2000,499,1,0,1,0
100,2500,0,1,0,1,0
100,2500,1,1,0,1,0
100,2500,2,1,0,1,0
100,2500,3,1,0,1,0
100,2500,4,1,0,1,0
100,2500,5,1,0,1,0
100,2500,6,1,0,1,0
100,2500,7,1,0,1,0
100,2500,8,1,0,1,0
100,2500,9,1,0,1,0
100,2500,10,1,0,1,0
100,2500,11,1,0,1,0
100,2500,12,1,0,1,0
100,2500,13,1,0,1,0
100,2500,14,1,0,1,0
100,2500,15,1,0,1,0
100,2500,16,1,0,1,0
100,2500,17,1,0,1,0
100,2500,18,1,0,1,0
100,2500,19,1,0,1,0
100,2500,20,1,0,1,0
100,2500,21,1,0,1,0
100,2500,22,1,0,1,0
100,2500,23,1,0,1,0
100,2500,24,1,0,1,0
100,2500,25,1,0,1,0
100,2500,26,1,0,1,0
100,2500,27,1,0,1,0
100,2500,28,1,0,1,0
100,2500,29,1,0,1,0
100,2500,30,1,0,1,0
100,2500,31,1,0,1,0
100,2500,32,1,0,1,0
100,2500,33,1,0,1,0
100,2500,34,1,0,1,0
100,2500,35,1,0,1,0
100,2500,36,1,0,1,0
100,2500,37,1,0,1,0
100,2500,38,1,0,1,0
100,2500,39,1,0,1,0
100,2500,40,1,0,1,0
100,2500,41,1,0,1,0
100,2500,42,1,0,1,0
100,2500,43,1,0,1,0
100,2500,44,1,0,1,0
100,2500,45,1,0,1,0
100,2500,46,1,0,1,0
100,2500,47,1,0,1,0
100,2500,48,1,0,1,0
100,2500,49,1,0,1,0
100,2500,50,1,0,1,0
100,2500,51,1,0,1,0
100,2500,52,1,0,1,0
100,2500,53,1,0,1,0
100,2500,54,1,0,1,0
100,2500,55,1,0,1,0
100,2500,56,1,0,1,0
100,2500,57,1,0,1,0
100,2500,58,1,0,1,0
100,2500,59,1,0,1,0
100,2500,60,1,0,1,0
100,2500,61,1,0,1,0
100,2500,62,1,0,1,0
100,2500,63,1,0,1,0
100,2500,64,1,0,1,0
100,2500,65,1,0,1,0
100,2500,66,1,0,1,0
100,2500,67,1,0,1,0
100,2500,68,1,0,1,0
100,2500,69,1,0,1,0
100,2500,70,1,0,1,0
100,2500,71,1,0,1,0
100,2500,72,1,0,1,0
100,2500,73,1,0,1,0
100,2500,74,1,0,1,0
100,2500,75,1,0,1,0
100,2500,76,1,0,1,0
100,2500,77,1,0,1,0
100,2500,78,1,0,1,0
100,2500,79,1,0,1,0
100,2500,80,1,0,1,0
100,2500,81,1,0,1,0
100,2500,82,1,0,1,0
100,2500,83,1,0,1,0
100,2500,84,1,0,0,1
100,2500,85,1,0,1,0
100,2500,86,1,0,1,0
100,2500,87,1,0,1,0
100,2500,88,1,0,1,0
100,2500,89,1,0,1,0
100,2500,90,1,0,1,0
100,2500,91,1,0,1,0
100,2500,92,1,0,1,0
100,2500,93,1,0,1,0
100,2500,94,1,0,1,0
100,2500,95,1,0,1,0
100,2500,96,1,0,1,0
100,2500,97,1,0,1,0
100,2500,98,1,0,1,0
100,2500,99,1,0,1,0
100,2500,100,1,0,1,0
100,2500,101,1,0,1,0
100,2500,102,1,0,1,0
100,2500,103,1,0,1,0
100,2500,104,1,0,1,0
100,2500,105,1,0,1,0
100,2500,106,1,0,1,0
100,2500,107,1,0,1,0
100,2500,108,1,0,1,0
100,2500,109,1,0,1,0
100,2500,110,1,0,1,0
100,2500,111,1,0,1,0
100,2500,112,1,0,1,0
100,2500,113,1,0,1,0
100,2500,114,1,0,1,0
100,2500,115,1,0,1,0
100,2500,116,1,0,1,0
100,2500,117,1,0,1,0
100,2500,118,1,0,1,0
100,2500,119,1,0,1,0
100,2500,120,1,0,1,0
100,2500,121,1,0,1,0
100,2500,122,1,0,1,0
100,2500,123,1,0,1,0
100,2500,124,1,0,1,0
100,2500,125,1,0,1,0
100,2500,126,1,0,1,0
100,2500,127,1,0,1,0
100,2500,128,1,0,1,0
100,2500,129,1,0,1,0
100,2500,130,1,0,1,0
100,2500,131,1,0,1,0
100,2500,132,1,0,1,0
100,2500,133,1,0,1,0
100,2500,134,1,0,1,0
100,2500,135,1,0,1,0
100,2500,136,1,0,1,0
100,2500,137,1,0,1,0
100,2500,138,1,0,1,0
100,2500,139,1,0,1,0
100,2500,140,1,0,1,0
100,2500,141,1,0,1,0
100,2500,142,1,0,1,0
100,2500,143,1,0,1,0
100,2500,144,1,0,1,0
100,2500,145,1,0,1,0
100,2500,146,1,0,1,0
100,2500,147,1,0,1,0
100,2500,148,1,0,1,0
100,2500,149,1,0,1,0
100,2500,150,1,0,1,0
100,2500,151,1,0,1,0
100,2500,152,1,0,1,0
100,2500,153,1,0,1,0
100,2500,154,1,0,1,0
100,2500,155,1,0,1,0
100,2500,156,1,0,1,0
100,2500,157,1,0,1,0
100,2500,158,1,0,1,0
100,2500,159,1,0,1,0
100,2500,160,1,0,1,0
100,2500,161,1,0,1,0
100,2500,162,1,0,1,0
100,2500,163,1,0,1,0
100,2500,164,1,0,1,0
100,2500,165,1,0,1,0
100,2500,166,1,0,1,0
100,2500,167,1,0,1,0
100,2500,168,1,0,0,1
100,2500,169,1,0,1,0
100,2500,170,1,0,1,0
100,2500,171,1,0,1,0
100,2500,172,1,0,1,0
100,2500,173,1,0,1,0
100,2500,174,1,0,1,0
100,2500,175,1,0,1,0
100,2500,176,1,0,1,0
100,2500,177,1,0,1,0
100,2500,178,1,0,1,0
100,2500,179,1,0,1,0
100,2500,180,1,0,1,0
100,2500,181,1,0,1,0
100,2500,182,1,0,1,0
100,2500,183,1,0,1,0
100,2500,184,1,0,1,0
100,2500,185,1,0,1,0
100,2500,186,1,0,1,0
100,2500,187,1,0,1,0
100,2500,188,1,0,1,0
100,2500,189,1,0,1,0
100,2500,190,1,0,1,0
100,2500,191,1,0,1,0
100,2500,192,1,0,1,0
100,2500,193,1,0,1,0
100,2500,194,1,0,1,0
100,2500,195,1,0,1,0
100,2500,196,1,0,1,0
100,2500,197,1,0,1,0
100,2500,198,1,0,1,0
100,2500,199,1,0,1,0
100,2500,200,1,0,1,0
100,2500,201,1,0,1,0
100,2500,202,1,0,1,0
100,2500,203,1,0,1,0
100,2500,204,1,0,1,0
100,2500,205,1,0,1,0
100,2500,206,1,0,1,0
100,2500,207,1,0,1,0
100,2500,208,1,0,1,0
100,2500,209,1,0,1,0
100,2500,210,1,0,1,0
100,2500,211,1,0,0,1
100,2500,212,1,0,1,0
100,2500,213,1,0,1,0
100,2500,214,1,0,1,0
100,2500,215,1,0,1,0
100,2500,216,1,0,1,0
100,2500,217,1,0,1,0
100,2500,218,1,0,1,0
100,2500,219,1,0,1,0
100,2500,220,1,0,1,0
100,2500,221,1,0,1,0
100,2500,222,1,0,1,0
100,2500,223,1,0,1,0
100,2500,224,1,0,1,0
100,2500,225,1,0,1,0
100,2500,226,1,0,1,0
100,2500,227,1,0,1,0
100,2500,228,1,0,1,0
100,2500,229,1,0,1,0
100,2500,230,1,0,1,0
100,2500,231,1,0,1,0
100,2500,232,1,0,1,0
100,2500,233,1,0,1,0
100,2500,234,1,0,1,0
100,2500,235,1,0,1,0
100,2500,236,1,0,0,1
100,2500,237,1,0,1,0
100,2500,238,1,0,1,0
100,2500,239,1,0,1,0
100,2500,240,1,0,1,0
100,2500,241,1,0,1,0
100,2500,242,1,0,1,0
100,2500,243,1,0,1,0
100,2500,244,1,0,1,0
100,2500,245,1,0,1,0
100,2500,246,1,0,1,0
100,2500,247,1,0,1,0
100,2500,248,1,0,1,0
100,2500,249,1,0,1,0
100,2500,250,1,0,1,0
100,2500,251,1,0,1,0
100,2500,252,1,0,1,0
100,2500,253,1,0,1,0
100,2500,254,1,0,1,0
100,2500,255,1,0,1,0
100,2500,256,1,0,1,0
100,2500,257,1,0,1,0
100,2500,258,1,0,1,0
100,2500,259,1,0,1,0
100,2500,260,1,0,1,0
100,2500,261,1,0,1,0
100,2500,262,1,0,1,0
100,2500,263,1,0,1,0
100,2500,264,1,0,1,0
100,2500,265,1,0,1,0
100,2500,266,1,0,1,0
100,2500,267,1,0,1,0
100,2500,268,1,0,1,0
100,2500,269,1,0,1,0
100,2500,270,1,0,1,0
100,2500,271,1,0,1,0
100,2500,272,1,0,1,0
100,2500,273,1,0,1,0
100,2500,274,1,0,1,0
100,2500,275,1,0,1,0
100,2500,276,1,0,1,0
100,2500,277,1,0,1,0
100,2500,278,1,0,1,0
100,2500,279,1,0,1,0
100,2500,280,1,0,1,0
100,2500,281,1,0,1,0
100,2500,282,1,0,1,0
100,2500,283,1,0,1,0
100,2500,284,1,0,1,0
100,2500,285,1,0,1,0
100,2500,286,1,0,1,0
100,2500,287,1,0,1,0
100,2500,288,1,0,1,0
100,2500,289,1,0,1,0
100,2500,290,1,0,1,0
100,2500,291,1,0,1,0
100,2500,292,1,0,1,0
100,2500,293,1,0,1,0
100,2500,294,1,0,1,0
100,2500,295,1,0,1,0
100,2500,296,1,0,1,0
100,2500,297,1,0,1,0
100,2500,298,1,0,1,0
100,2500,299,1,0,1,0
100,2500,300,1,0,1,0
100,2500,301,1,0,1,0
100,2500,302,1,0,1,0
100,2500,303,1,0,1,0
100,2500,304,1,0,1,0
100,2500,305,1,0,1,0
100,2500,306,1,0,1,0
100,2500,307,1,0,1,0
100,2500,308,1,0,1,0
100,2500,309,1,0,1,0
100,2500,310,1,0,1,0
100,2500,311,1,0,1,0
100,2500,312,1,0,1,0
100,2500,313,1,0,1,0
100,2500,314,1,0,1,0
100,2500,315,1,0,1,0
100,2500,316,1,0,1,0
100,2500,317,1,0,1,0
100,2500,318,1,0,1,0
100,2500,319,1,0,1,0
100,2500,320,1,0,1,0
100,2500,321,1,0,1,0
100,2500,322,1,0,1,0
100,2500,323,1,0,0,1
100,2500,324,1,0,1,0
100,2500,325,1,0,1,0
100,2500,326,1,0,1,0
100,2500,327,1,0,1,0
100,2500,328,1,0,1,0
100,2500,329,1,0,1,0
100,2500,330,1,0,1,0
100,2500,331,1,0,1,0
100,2500,332,1,0,1,0
100,2500,333,1,0,1,0
100,2500,334,1,0,1,0
100,2500,335,1,0,1,0
100,2500,336,1,0,1,0
100,2500,337,1,0,1,0
100,2500,338,1,0,1,0
100,2500,339,1,0,1,0
100,2500,340,1,0,1,0
100,2500,341,1,0,1,0
100,2500,342,1,0,1,0
100,2500,343,1,0,1,0
100,2500,344,1,0,1,0
100,2500,345,1,0,1,0
100,2500,346,1,0,1,0
100,2500,347,1,0,1,0
100,2500,348,1,0,1,0
100,2500,349,1,0,1,0
100,2500,350,1,0,1,0
100,2500,351,1,0,1,0
100,2500,352,1,0,1,0
100,2500,353,1,0,1,0
100,2500,354,1,0,1,0
100,2500,355,1,0,1,0
100,2500,356,1,0,0,1
100,2500,357,1,0,1,0
100,2500,358,1,0,1,0
100,2500,359,1,0,1,0
100,2500,360,1,0,1,0
100,2500,361,1,0,1,0
100,2500,362,1,0,1,0
100,2500,363,1,0,1,0
100,2500,364,1,0,1,0
100,2500,365,1,0,1,0
100,2500,366,1,0,1,0
100,2500,367,1,0,1,0
100,2500,368,1,0,1,0
100,2500,369,1,0,1,0
100,2500,370,1,0,1,0
100,2500,371,1,0,1,0
100,2500,372,1,0,1,0
100,2500,373,1,0,1,0
100,2500,374,1,0,1,0
100,2500,375,1,0,1,0
100,2500,376,1,0,0,1
100,2500,377,1,0,1,0
100,2500,378,1,0,1,0
100,2500,379,1,0,1,0
100,2500,380,1,0,1,0
100,2500,381,1,0,1,0
100,2500,382,1,0,1,0
100,2500,383,1,0,1,0
100,2500,384,1,0,1,0
100,2500,385,1,0,1,0
100,2500,386,1,0,1,0
100,2500,387,1,0,1,0
100,2500,388,1,0,1,0
100,2500,389,1,0,1,0
100,2500,390,1,0,1,0
100,2500,391,1,0,1,0
100,2500,392,1,0,1,0
100,2500,393,1,0,1,0
100,2500,394,1,0,1,0
100,2500,395,1,0,1,0
100,2500,396,1,0,1,0
100,2500,397,1,0,1,0
100,2500,398,1,0,1,0
100,2500,399,1,0,1,0
100,2500,400,1,0,1,0
100,2500,401,1,0,1,0
100,2500,402,1,0,1,0
100,2500,403,1,0,1,0
100,2500,404,1,0,1,0
100,2500,405,1,0,1,0
100,2500,406,1,0,1,0
100,2500,407,1,0,1,0
100,2500,408,1,0,1,0
100,2500,409,1,0,1,0
100,2500,410,1,0,1,0
100,2500,411,1,0,1,0
100,2500,412,1,0,1,0
100,2500,413,1,0,1,0
100,2500,414,1,0,1,0
100,2500,415,1,0,1,0
100,2500,416,1,0,1,0
100,2500,417,1,0,1,0
100,2500,418,1,0,1,0
100,2500,419,1,0,1,0
100,2500,420,1,0,1,0
100,2500,421,1,0,1,0
100,2500,422,1,0,1,0
100,2500,423,1,0,1,0
100,2500,424,1,0,1,0
100,2500,425,1,0,1,0
100,2500,426,1,0,1,0
100,2500,427,1,0,1,0
100,2500,428,1,0,1,0
100,2500,429,1,0,1,0
100,2500,430,1,0,1,0
100,2500,431,1,0,1,0
100,2500,432,1,0,1,0
100,2500,433,1,0,1,0
100,2500,434,1,0,1,0
100,2500,435,1,0,1,0
100,2500,436,1,0,1,0
100,2500,437,1,0,1,0
100,2500,438,1,0,1,0
100,2500,439,1,0,1,0
100,2500,440,1,0,1,0
100,2500,441,1,0,1,0
100,2500,442,1,0,1,0
100,2500,443,1,0,1,0
100,2500,444,1,0,1,0
100,2500,445,1,0,1,0
100,2500,446,1,0,1,0
100,2500,447,1,0,1,0
100,2500,448,1,0,1,0
100,2500,449,1,0,1,0
100,2500,450,1,0,1,0
100,2500,451,1,0,1,0
100,2500,452,1,0,1,0
100,2500,453,1,0,1,0
100,2500,454,1,0,1,0
100,2500,455,1,0,1,0
100,2500,456,1,0,1,0
100,2500,457,1,0,1,0
100,2500,458,1,0,1,0
100,2500,459,1,0,1,0
100,2500,460,1,0,1,0
100,2500,461,1,0,1,0
100,2500,462,1,0,1,0
100,2500,463,1,0,1,0
100,2500,464,1,0,1,0
100,2500,465,1,0,1,0
100,2500,466,1,0,1,0
100,2500,467,1,0,1,0
100,2500,468,1,0,1,0
100,2500,469,1,0,1,0
100,2500,470,1,0,1,0
100,2500,471,1,0,1,0
100,2500,472,1,0,1,0
100,2500,473,1,0,1,0
100,2500,474,1,0,1,0
100,2500,475,1,0,1,0
100,2500,476,1,0,1,0
100,2500,477,1,0,1,0
100,2500,478,1,0,1,0
100,2500,479,1,0,1,0
100,2500,480,1,0,1,0
100,2500,481,1,0,1,0
100,2500,482,1,0,1,0
100,2500,483,1,0,1,0
100,2500,484,1,0,1,0
100,2500,485,1,0,1,0
100,2500,486,1,0,1,0
100,2500,487,1,0,1,0
100,2500,488,1,0,1,0
100,2500,489,1,0,1,0
100,2500,490,1,0,1,0
100,2500,491,1,0,1,0
100,2500,492,1,0,1,0
100,2500,493,1,0,1,0
100,2500,494,1,0,1,0
100,2500,495,1,0,1,0
100,2500,496,1,0,1,0
100,2500,497,1,0,1,0
100,2500,498,1,0,1,0
100,2500,499,1,0,1,0
